Seed,Condition,V_T_step,V_T,DC,EC,R
0,C0,0.14,6.89,10603,10309,1.0360378893011166
0,C0,0.15,7.375,11278,10923,1.0284224119964083
0,C0,0.16,7.86,11907,11481,1.0168026342082173
0,C0,0.17,8.345,12462,12024,1.0212900084648782
0,C0,0.18,8.83,12952,12466,1.0134498801624539
0,C0,0.19,9.315,13420,12910,1.0128133834208022
0,C0,0.2,9.8,13856,13313,1.007999330246724
0,C0,0.21,10.285,14144,13553,0.9933763544789552
0,C0,0.22,10.77,14515,13925,1.0000796183518676
0,C0,0.23,11.255,14804,14216,1.0071655637510188
0,C0,0.24,11.74,15056,14488,1.0254219012607015
0,C0,0.25,12.225,15279,14692,1.0216462633876895
0,C0,0.26,12.71,15509,14900,1.015229093935506
0,C0,0.27,13.195,15654,15024,1.0049196221225172
0,C0,0.28,13.68,15846,15219,1.0149841726618705
0,C0,0.29,14.165,15997,15359,1.0120157664697267
0,C0,0.3,14.65,16143,15515,1.031618484220757
0,C0,0.31,15.135,16257,15622,1.0324147716152279
0,C0,0.32,15.62,16386,15727,1.010229543134416
0,C0,0.33,16.105,16464,15806,1.0179546177445338
0,C0,0.34,16.59,16530,15872,1.0245281661382126
0,C0,0.35,17.075,16614,15939,1.0010047220916207
0,C0,0.36,17.56,16682,16008,1.0095545070335725
0,C0,0.37,18.045,16740,16066,1.0168927191820012
0,C0,0.38,18.53,16782,16123,1.0690223078263732
0,C0,0.39,19.015,16832,16174,1.0912003770058645
0,C0,0.4,19.5,16873,16220,1.1350278730044934
0,C0,0.41,19.985,16901,16257,1.2069069263513492
0,C0,0.42,20.47,16935,16285,1.2124748077688348
0,C0,0.43,20.955,16957,16307,1.2466063397831988
0,C0,0.44,21.44,16987,16332,1.2632072873244848
0,C0,0.45,21.925,17004,16339,1.2048101804100393
0,C0,0.46,22.41,17018,16352,1.2236656411059985
0,C0,0.47,22.895,17027,16358,1.211705627045969
0,C0,0.48,23.38,17043,16369,1.1909616851493283
0,C0,0.49,23.865,17052,16381,1.2553945951421321
0,C0,0.5,24.35,17062,16386,1.2149382902610324
0,C0,0.51,24.835,17068,16391,1.2188868958554921
0,C0,0.52,25.32,17077,16395,1.1676444846790928
0,C0,0.53,25.805,17084,16403,1.2074464499833266
0,C0,0.54,26.29,17088,16403,1.1489872389626603
0,C1,0.14,6.89,6564,6160,0.9652156647230085
0,C1,0.15,7.375,5889,5546,0.9723630954898836
0,C1,0.16,7.86,5260,4988,0.9834750288375272
0,C1,0.17,8.345,4705,4445,0.9791538071572053
0,C1,0.18,8.83,4215,4003,0.98672861833059
0,C1,0.19,9.315,3747,3559,0.9873487222517492
0,C1,0.2,9.8,3311,3156,0.9920641512283882
0,C1,0.21,10.285,3023,2916,1.0066678107357598
0,C1,0.22,10.77,2652,2544,0.9999203879867097
0,C1,0.23,11.255,2363,2253,0.9928854162523866
0,C1,0.24,11.74,2111,1981,0.9752083496271665
0,C1,0.25,12.225,1888,1777,0.9788123696396517
0,C1,0.26,12.71,1658,1569,0.9849993523368497
0,C1,0.27,13.195,1513,1445,0.9951044620741645
0,C1,0.28,13.68,1321,1250,0.985237038108118
0,C1,0.29,14.165,1170,1110,0.9881268979517563
0,C1,0.3,14.65,1024,954,0.969350603246858
0,C1,0.31,15.135,910,847,0.9686029563830102
0,C1,0.32,15.62,781,742,0.9898740408019776
0,C1,0.33,16.105,703,663,0.982362064642611
0,C1,0.34,16.59,637,597,0.9760590611865093
0,C1,0.35,17.075,553,530,0.9989962863616453
0,C1,0.36,17.56,485,461,0.9905359176082061
0,C1,0.37,18.045,427,403,0.9833879042859214
0,C1,0.38,18.53,385,346,0.9354341744591698
0,C1,0.39,19.015,335,295,0.9164219707693756
0,C1,0.4,19.5,294,249,0.8810356325020762
0,C1,0.41,19.985,266,212,0.8285643061334828
0,C1,0.42,20.47,232,184,0.8247594041480949
0,C1,0.43,20.955,210,162,0.802177855259354
0,C1,0.44,21.44,180,137,0.791635711758783
0,C1,0.45,21.925,163,130,0.8300062667628396
0,C1,0.46,22.41,149,117,0.8172167023470231
0,C1,0.47,22.895,140,111,0.8252829546049988
0,C1,0.48,23.38,124,100,0.8396575746050263
0,C1,0.49,23.865,115,88,0.7965622951298297
0,C1,0.5,24.35,105,83,0.8230870720068816
0,C1,0.51,24.835,99,78,0.8204206669217955
0,C1,0.52,25.32,90,74,0.8564250618413473
0,C1,0.53,25.805,83,66,0.8281940785148765
0,C1,0.54,26.29,79,66,0.870331685235103
0,C2,0.14,6.89,4109,3769,0.9431112805958881
0,C2,0.15,7.375,3895,3606,0.9552397004593787
0,C2,0.16,7.86,3672,3411,0.9600089269893898
0,C2,0.17,8.345,3459,3192,0.9527664617179308
0,C2,0.18,8.83,3218,2955,0.947830337399339
0,C2,0.19,9.315,2959,2716,0.9482444421416844
0,C2,0.2,9.8,2688,2464,0.9476913007259312
0,C2,0.21,10.285,2485,2288,0.9532525808542816
0,C2,0.22,10.77,2248,2065,0.9514376875838166
0,C2,0.23,11.255,2036,1858,0.9450518280290209
0,C2,0.24,11.74,1843,1665,0.9351514885844964
0,C2,0.25,12.225,1668,1493,0.926342539750251
0,C2,0.26,12.71,1490,1329,0.9235827134662611
0,C2,0.27,13.195,1372,1215,0.9169761809835474
0,C2,0.28,13.68,1218,1094,0.9317263273125342
0,C2,0.29,14.165,1086,955,0.911512882916185
0,C2,0.3,14.65,954,839,0.9122586516549505
0,C2,0.31,15.135,856,764,0.9269626614537307
0,C2,0.32,15.62,741,666,0.934218147991682
0,C2,0.33,16.105,672,601,0.9296839363738941
0,C2,0.34,16.59,614,561,0.9507265514493353
0,C2,0.35,17.075,535,508,0.9894510392446073
0,C2,0.36,17.56,471,443,0.9798737349047713
0,C2,0.37,18.045,417,386,0.964048757263542
0,C2,0.38,18.53,377,342,0.9444562959229945
0,C2,0.39,19.015,328,299,0.9493003077062311
0,C2,0.4,19.5,289,253,0.9111710762833239
0,C2,0.41,19.985,263,226,0.8942849672125507
0,C2,0.42,20.47,229,193,0.8770740748292821
0,C2,0.43,20.955,207,186,0.935909862424312
0,C2,0.44,21.44,179,155,0.9016966611259617
0,C2,0.45,21.925,162,141,0.9064581178434682
0,C2,0.46,22.41,148,128,0.9007487384575691
0,C2,0.47,22.895,139,126,0.9444687779116486
0,C2,0.48,23.38,124,118,0.9918866558422983
0,C2,0.49,23.865,115,104,0.9423121986211294
0,C2,0.5,24.35,105,96,0.9527602062629241
0,C2,0.51,24.835,99,86,0.9050080861104484
0,C2,0.52,25.32,90,75,0.8680513195884674
0,C2,0.53,25.805,83,70,0.8786019129876419
0,C2,0.54,26.29,79,67,0.883572395462733
0,C3,0.14,6.89,4109,3912,0.9900416718406074
0,C3,0.15,7.375,3895,3695,0.9856357375469629
0,C3,0.16,7.86,3672,3549,1.009517151803962
0,C3,0.17,8.345,3459,3335,1.0062881536032198
0,C3,0.18,8.83,3218,3137,1.0199438138344599
0,C3,0.19,9.315,2959,2886,1.0202077288975493
0,C3,0.2,9.8,2688,2624,1.0208928786393576
0,C3,0.21,10.285,2485,2465,1.0399767930634363
0,C3,0.22,10.77,2248,2200,1.0232283159196616
0,C3,0.23,11.255,2036,1968,1.0085954372904842
0,C3,0.24,11.74,1843,1759,0.9942600163110054
0,C3,0.25,12.225,1668,1596,0.9971074038368982
0,C3,0.26,12.71,1490,1428,0.9989141982830821
0,C3,0.27,13.195,1372,1325,1.0072581641893796
0,C3,0.28,13.68,1218,1168,0.9995607572146407
0,C3,0.29,14.165,1086,1043,1.0011847090810067
0,C3,0.3,14.65,954,903,0.9858838041627576
0,C3,0.31,15.135,856,808,0.9831022594969228
0,C3,0.32,15.62,741,717,1.0090137002074668
0,C3,0.33,16.105,672,644,0.9989073196419168
0,C3,0.34,16.59,614,584,0.9911376454750604
0,C3,0.35,17.075,535,521,1.0155988270289658
0,C3,0.36,17.56,471,454,1.004894429519035
0,C3,0.37,18.045,417,400,0.9998846401750963
0,C3,0.38,18.53,377,344,0.9500972590627762
0,C3,0.39,19.015,328,293,0.9299057546862561
0,C3,0.4,19.5,289,248,0.892888431822647
0,C3,0.41,19.985,263,211,0.83415944510734
0,C3,0.42,20.47,229,183,0.8311191813152132
0,C3,0.43,20.955,207,161,0.8088736271223395
0,C3,0.44,21.44,179,137,0.796105120427115
0,C3,0.45,21.925,162,130,0.8351788759606456
0,C3,0.46,22.41,148,117,0.8227867820119532
0,C3,0.47,22.895,139,111,0.8312690598224441
0,C3,0.48,23.38,124,100,0.8396575746050263
0,C3,0.49,23.865,115,88,0.7965622951298297
0,C3,0.5,24.35,105,83,0.8230870720068816
0,C3,0.51,24.835,99,78,0.8204206669217955
0,C3,0.52,25.32,90,74,0.8564250618413473
0,C3,0.53,25.805,83,66,0.8281940785148765
0,C3,0.54,26.29,79,66,0.870331685235103
0,C4,0.14,6.89,4109,3932,0.9966907008552324
0,C4,0.15,7.375,3895,3746,1.0032453532194887
0,C4,0.16,7.86,3672,3568,1.016416453842645
0,C4,0.17,8.345,3459,3316,0.9991098382729626
0,C4,0.18,8.83,3218,3076,0.9955555477182431
0,C4,0.19,9.315,2959,2827,0.9950290187366916
0,C4,0.2,9.8,2688,2584,1.0024343244679939
0,C4,0.21,10.285,2485,2406,1.0108261601179287
0,C4,0.22,10.77,2248,2174,1.009296546212933
0,C4,0.23,11.255,2036,2015,1.0360407979463608
0,C4,0.24,11.74,1843,1827,1.0374924690217298
0,C4,0.25,12.225,1668,1666,1.0457620797910074
0,C4,0.26,12.71,1490,1479,1.0381096569972823
0,C4,0.27,13.195,1372,1346,1.024643115953554
0,C4,0.28,13.68,1218,1189,1.018930752929444
0,C4,0.29,14.165,1086,1036,0.9940142854773304
0,C4,0.3,14.65,954,922,1.007857960692397
0,C4,0.31,15.135,856,832,1.0138570213589981
0,C4,0.32,15.62,741,721,1.0149005061842782
0,C4,0.33,16.105,672,617,0.9553976026759429
0,C4,0.34,16.59,614,561,0.9507265514493353
0,C4,0.35,17.075,535,501,0.9753890959489072
0,C4,0.36,17.56,471,439,0.970783814318429
0,C4,0.37,18.045,417,382,0.9538213899570963
0,C4,0.38,18.53,377,346,0.9557396216848231
0,C4,0.39,19.015,328,306,0.9719454852470941
0,C4,0.4,19.5,289,269,0.9697513776752532
0,C4,0.41,19.985,263,246,0.974625285557823
0,C4,0.42,20.47,229,219,0.9968214981525024
0,C4,0.43,20.955,207,193,0.971549942240316
0,C4,0.44,21.44,179,165,0.9604593724815105
0,C4,0.45,21.925,162,159,1.0233042668664987
0,C4,0.46,22.41,148,142,1.000124979514947
0,C4,0.47,22.895,139,133,0.9973664555133562
0,C4,0.48,23.38,124,119,1.0003536549274934
0,C4,0.49,23.865,115,112,1.0152940769940273
0,C4,0.5,24.35,105,105,1.0426546076753849
0,C4,0.51,24.835,99,87,0.9155873223752604
0,C4,0.52,25.32,90,79,0.9145705375906719
0,C4,0.53,25.805,83,67,0.8407937321778273
0,C4,0.54,26.29,79,62,0.8173849846430166
0,C5,0.14,6.89,2499,2411,1.006649579735152
0,C5,0.15,7.375,2527,2391,0.9839532171738294
0,C5,0.16,7.86,2537,2370,0.9693573204382782
0,C5,0.17,8.345,2502,2372,0.9862403047697332
0,C5,0.18,8.83,2415,2281,0.9820596649196446
0,C5,0.19,9.315,2288,2176,0.9900410930285694
0,C5,0.2,9.8,2146,2031,0.9846276207279976
0,C5,0.21,10.285,2022,1869,0.9588365310353237
0,C5,0.22,10.77,1867,1693,0.9389602096539532
0,C5,0.23,11.255,1725,1564,0.9393322151403332
0,C5,0.24,11.74,1599,1483,0.9634735175386124
0,C5,0.25,12.225,1463,1341,0.9515097054689028
0,C5,0.26,12.71,1325,1227,0.9624911305157299
0,C5,0.27,13.195,1230,1110,0.93640020390047
0,C5,0.28,13.68,1098,998,0.9440579760310701
0,C5,0.29,14.165,983,891,0.9416691797533288
0,C5,0.3,14.65,874,794,0.9442838842477527
0,C5,0.31,15.135,789,721,0.9503721960549117
0,C5,0.32,15.62,699,654,0.9742540832235382
0,C5,0.33,16.105,637,587,0.9591053881085724
0,C5,0.34,16.59,587,543,0.9630293942533623
0,C5,0.35,17.075,512,467,0.9493301862657794
0,C5,0.36,17.56,452,419,0.9653991949935214
0,C5,0.37,18.045,401,376,0.9768680888966299
0,C5,0.38,18.53,363,333,0.9553321560127348
0,C5,0.39,19.015,318,289,0.9463817042548064
0,C5,0.4,19.5,281,258,0.9563797351255935
0,C5,0.41,19.985,256,238,0.9686368869755406
0,C5,0.42,20.47,223,200,0.9340717042260627
0,C5,0.43,20.955,201,177,0.9170273112708004
0,C5,0.44,21.44,176,158,0.9351532150640115
0,C5,0.45,21.925,160,147,0.9573080045337581
0,C5,0.46,22.41,146,138,0.9851412935982747
0,C5,0.47,22.895,137,130,0.9890356823917338
0,C5,0.48,23.38,123,121,1.0256215921591563
0,C5,0.49,23.865,114,110,1.0058468807877632
0,C5,0.5,24.35,105,107,1.0626445713354402
0,C5,0.51,24.835,99,102,1.0744309965914414
0,C5,0.52,25.32,90,100,1.1591694327353195
0,C5,0.53,25.805,83,92,1.1562851515974137
0,C5,0.54,26.29,79,89,1.175277043631474
1,C0,0.14,6.89,10603,10077,0.9759651346697755
1,C0,0.15,7.375,11278,10816,0.9990728502540698
1,C0,0.16,7.86,11907,11470,1.0135931612290376
1,C0,0.17,8.345,12462,12040,1.0263433848608507
1,C0,0.18,8.83,12952,12437,1.0038200227396394
1,C0,0.19,9.315,13420,12893,1.0066712134548255
1,C0,0.2,9.8,13856,13302,1.0036682506739902
1,C0,0.21,10.285,14144,13561,0.996697142809351
1,C0,0.22,10.77,14515,13880,0.9795213246854954
1,C0,0.23,11.255,14804,14133,0.9657087484223073
1,C0,0.24,11.74,15056,14359,0.9541581570981763
1,C0,0.25,12.225,15279,14589,0.958903125274156
1,C0,0.26,12.71,15509,14830,0.9673038753187495
1,C0,0.27,13.195,15654,14976,0.9695040378801085
1,C0,0.28,13.68,15846,15151,0.9583166946197055
1,C0,0.29,14.165,15997,15309,0.9652418664706528
1,C0,0.3,14.65,16143,15449,0.9607622073793899
1,C0,0.31,15.135,16257,15583,0.9845059277121951
1,C0,0.32,15.62,16386,15692,0.962576742144666
1,C0,0.33,16.105,16464,15770,0.9633286688883607
1,C0,0.34,16.59,16530,15835,0.9624881441065952
1,C0,0.35,17.075,16614,15919,0.9633941801547435
1,C0,0.36,17.56,16682,16003,0.9984104323593109
1,C0,0.37,18.045,16740,16063,1.0091902525439789
1,C0,0.38,18.53,16782,16111,1.0324201775112867
1,C0,0.39,19.015,16832,16146,0.9948818555839386
1,C0,0.4,19.5,16873,16180,0.9755189234782049
1,C0,0.41,19.985,16901,16195,0.9302498837152555
1,C0,0.42,20.47,16935,16223,0.9034390219898656
1,C0,0.43,20.955,16957,16241,0.8821616907161458
1,C0,0.44,21.44,16987,16279,0.9078831180500259
1,C0,0.45,21.925,17004,16292,0.8823434034132216
1,C0,0.46,22.41,17018,16309,0.892452476789282
1,C0,0.47,22.895,17027,16322,0.9129477832126567
1,C0,0.48,23.38,17043,16343,0.9437063487406737
1,C0,0.49,23.865,17052,16348,0.9111749573012449
1,C0,0.5,24.35,17062,16353,0.8675585794607091
1,C0,0.51,24.835,17068,16357,0.8471068457263384
1,C0,0.52,25.32,17077,16370,0.8714538959898215
1,C0,0.53,25.805,17084,16377,0.8648385725774435
1,C0,0.54,26.29,17088,16378,0.8320613141540109
1,C1,0.14,6.89,6564,6392,1.0246267663427924
1,C1,0.15,7.375,5889,5653,1.0009280101503053
1,C1,0.16,7.86,5260,4999,0.9865891348235271
1,C1,0.17,8.345,4705,4429,0.9743327766813421
1,C1,0.18,8.83,4215,4032,0.9961945143022614
1,C1,0.19,9.315,3747,3576,0.9933729966987629
1,C1,0.2,9.8,3311,3167,0.9963451562092087
1,C1,0.21,10.285,3023,2908,1.003313802206094
1,C1,0.22,10.77,2652,2589,1.0209068192783652
1,C1,0.23,11.255,2363,2336,1.035508896065936
1,C1,0.24,11.74,2111,2110,1.0480442812973898
1,C1,0.25,12.225,1888,1880,1.0428582133508995
1,C1,0.26,12.71,1658,1639,1.0338012960720087
1,C1,0.27,13.195,1513,1493,1.0314552192960156
1,C1,0.28,13.68,1321,1318,1.0434963781955566
1,C1,0.29,14.165,1170,1160,1.0360097657765697
1,C1,0.3,14.65,1024,1020,1.0408402748559777
1,C1,0.31,15.135,910,886,1.0157379167069214
1,C1,0.32,15.62,781,777,1.0388782070216587
1,C1,0.33,16.105,703,699,1.0380673100427464
1,C1,0.34,16.59,637,634,1.0389738368447377
1,C1,0.35,17.075,553,550,1.037996720967711
1,C1,0.36,17.56,485,466,1.0015920983887687
1,C1,0.37,18.045,427,406,0.99089343905095
1,C1,0.38,18.53,385,358,0.9685978846428228
1,C1,0.39,19.015,335,323,1.005144474579906
1,C1,0.4,19.5,294,289,1.025095439906494
1,C1,0.41,19.985,266,274,1.074979978504458
1,C1,0.42,20.47,232,246,1.1068815666135987
1,C1,0.43,20.955,210,228,1.1335790371810321
1,C1,0.44,21.44,180,190,1.1014633713509565
1,C1,0.45,21.925,163,177,1.1333455841927762
1,C1,0.46,22.41,149,160,1.1205078432833027
1,C1,0.47,22.895,140,147,1.0953528979291753
1,C1,0.48,23.38,124,126,1.0596516610643207
1,C1,0.49,23.865,115,121,1.0974840693184114
1,C1,0.5,24.35,105,116,1.1526599167765927
1,C1,0.51,24.835,99,112,1.1804886302654842
1,C1,0.52,25.32,90,99,1.1475076359193648
1,C1,0.53,25.805,83,92,1.1562851515974137
1,C1,0.54,26.29,79,91,1.201834507853233
1,C2,0.14,6.89,4014,3741,0.9631080071102492
1,C2,0.15,7.375,3859,3629,0.974675294795756
1,C2,0.16,7.86,3600,3361,0.9663031693961278
1,C2,0.17,8.345,3389,3165,0.967177288411608
1,C2,0.18,8.83,3167,2982,0.9773998182159952
1,C2,0.19,9.315,2907,2758,0.9867329361270296
1,C2,0.2,9.8,2644,2459,0.9640848982950366
1,C2,0.21,10.285,2458,2255,0.9493612573033634
1,C2,0.22,10.77,2214,2038,0.9538025292709906
1,C2,0.23,11.255,2013,1850,0.9526592097667915
1,C2,0.24,11.74,1816,1654,0.9437450286276708
1,C2,0.25,12.225,1655,1512,0.9474953678894603
1,C2,0.26,12.71,1474,1355,0.9544833754645158
1,C2,0.27,13.195,1353,1242,0.9533473988685928
1,C2,0.28,13.68,1210,1119,0.9613633940829678
1,C2,0.29,14.165,1080,966,0.9281382814795703
1,C2,0.3,14.65,950,835,0.9117237734222982
1,C2,0.31,15.135,851,749,0.9135102244627635
1,C2,0.32,15.62,736,649,0.9158501037486945
1,C2,0.33,16.105,666,570,0.8882619961933127
1,C2,0.34,16.59,611,518,0.879946062311738
1,C2,0.35,17.075,535,448,0.8693188321169587
1,C2,0.36,17.56,469,382,0.845434400341533
1,C2,0.37,18.045,416,336,0.8386322349317453
1,C2,0.38,18.53,377,309,0.851581991753552
1,C2,0.39,19.015,331,275,0.8637528277788908
1,C2,0.4,19.5,292,248,0.8835578435868268
1,C2,0.41,19.985,264,231,0.9108341544525188
1,C2,0.42,20.47,231,206,0.9286785689663387
1,C2,0.43,20.955,209,178,0.8865446298320117
1,C2,0.44,21.44,179,148,0.8606056083621232
1,C2,0.45,21.925,163,134,0.8557544209524132
1,C2,0.46,22.41,149,126,0.8805641805473025
1,C2,0.47,22.895,140,113,0.8402556510498551
1,C2,0.48,23.38,124,101,0.8481059620660297
1,C2,0.49,23.865,115,92,0.8329730719912073
1,C2,0.5,24.35,105,84,0.8330546231309124
1,C2,0.51,24.835,99,82,0.8627040527937581
1,C2,0.52,25.32,90,79,0.9145705375906719
1,C2,0.53,25.805,83,76,0.9542597891106915
1,C2,0.54,26.29,79,70,0.9233042150609677
1,C3,0.14,6.89,4014,3981,1.0445921058805392
1,C3,0.15,7.375,3859,3789,1.0304890121253687
1,C3,0.16,7.86,3600,3515,1.0225928713567667
1,C3,0.17,8.345,3389,3256,1.001838166615106
1,C3,0.18,8.83,3167,3075,1.0148802424811754
1,C3,0.19,9.315,2907,2804,1.006567414712786
1,C3,0.2,9.8,2644,2558,1.0100365180810666
1,C3,0.21,10.285,2458,2385,1.013359717320857
1,C3,0.22,10.77,2214,2171,1.0254990148400107
1,C3,0.23,11.255,2013,1992,1.035843792306559
1,C3,0.24,11.74,1816,1822,1.051527218064832
1,C3,0.25,12.225,1655,1653,1.0457110138137589
1,C3,0.26,12.71,1474,1452,1.0294184004397007
1,C3,0.27,13.195,1353,1336,1.0318708974562036
1,C3,0.28,13.68,1210,1202,1.0382851361468342
1,C3,0.29,14.165,1080,1069,1.0339708393458393
1,C3,0.3,14.65,950,943,1.0368096300263734
1,C3,0.31,15.135,851,827,1.0136717995826416
1,C3,0.32,15.62,736,736,1.0443653467234475
1,C3,0.33,16.105,666,668,1.0474370326278433
1,C3,0.34,16.59,611,618,1.0564428705495046
1,C3,0.35,17.075,535,541,1.055909536841018
1,C3,0.36,17.56,469,457,1.0161603211237626
1,C3,0.37,18.045,416,400,1.002348047123702
1,C3,0.38,18.53,377,353,0.9754989193071715
1,C3,0.39,19.015,331,319,1.004683060058178
1,C3,0.4,19.5,292,287,1.0249687628567512
1,C3,0.41,19.985,264,272,1.0752122072737
1,C3,0.42,20.47,231,245,1.107151395612934
1,C3,0.43,20.955,209,227,1.1340042856578934
1,C3,0.44,21.44,179,189,1.1017844151922365
1,C3,0.45,21.925,163,177,1.1333455841927762
1,C3,0.46,22.41,149,160,1.1205078432833027
1,C3,0.47,22.895,140,147,1.0953528979291753
1,C3,0.48,23.38,124,126,1.0596516610643207
1,C3,0.49,23.865,115,121,1.0974840693184114
1,C3,0.5,24.35,105,116,1.1526599167765927
1,C3,0.51,24.835,99,112,1.1804886302654842
1,C3,0.52,25.32,90,99,1.1475076359193648
1,C3,0.53,25.805,83,92,1.1562851515974137
1,C3,0.54,26.29,79,91,1.201834507853233
1,C4,0.14,6.89,4014,3813,0.9872287425426935
1,C4,0.15,7.375,3859,3689,0.9954416661496143
1,C4,0.16,7.86,3600,3423,0.9888054448362205
1,C4,0.17,8.345,3389,3226,0.9903588698947319
1,C4,0.18,8.83,3167,2959,0.9682100547910691
1,C4,0.19,9.315,2907,2739,0.9785792187078381
1,C4,0.2,9.8,2644,2454,0.9617813311110908
1,C4,0.21,10.285,2458,2269,0.9561970971475722
1,C4,0.22,10.77,2214,2061,0.9661065103849262
1,C4,0.23,11.255,2013,1847,0.9509192165844729
1,C4,0.24,11.74,1816,1657,0.9456482703629988
1,C4,0.25,12.225,1655,1527,0.9578557330034643
1,C4,0.26,12.71,1474,1365,0.9621641377808569
1,C4,0.27,13.195,1353,1267,0.9741365185834944
1,C4,0.28,13.68,1210,1163,1.0020372824139618
1,C4,0.29,14.165,1080,1029,0.9927031160046056
1,C4,0.3,14.65,950,903,0.9902791509159639
1,C4,0.31,15.135,851,798,0.9763157991427878
1,C4,0.32,15.62,736,700,0.9910146352088716
1,C4,0.33,16.105,666,648,1.014792176665636
1,C4,0.34,16.59,611,607,1.0369192881070592
1,C4,0.35,17.075,535,531,1.0357415358345363
1,C4,0.36,17.56,469,452,1.004728850862483
1,C4,0.37,18.045,416,403,1.010054229428607
1,C4,0.38,18.53,377,373,1.0320487552140736
1,C4,0.39,19.015,331,339,1.0689964281901394
1,C4,0.4,19.5,292,305,1.0904654940964702
1,C4,0.41,19.985,264,272,1.0752122072737
1,C4,0.42,20.47,231,243,1.0979780727099846
1,C4,0.43,20.955,209,224,1.1188107934572433
1,C4,0.44,21.44,179,198,1.1548887917599568
1,C4,0.45,21.925,163,182,1.165718754202324
1,C4,0.46,22.41,149,166,1.1629547326695338
1,C4,0.47,22.895,140,148,1.1028718478384554
1,C4,0.48,23.38,124,133,1.1190004857666425
1,C4,0.49,23.865,115,119,1.0792118069405663
1,C4,0.5,24.35,105,112,1.1126408673147072
1,C4,0.51,24.835,99,110,1.1592667305119166
1,C4,0.52,25.32,90,98,1.1358472637930215
1,C4,0.53,25.805,83,96,1.2068531868879047
1,C4,0.54,26.29,79,90,1.1885549650254532
1,C5,0.14,6.89,2508,2367,0.9810572696940065
1,C5,0.15,7.375,2539,2470,1.0165346587942012
1,C5,0.16,7.86,2521,2431,1.0060646856475417
1,C5,0.17,8.345,2455,2383,1.0138100171972402
1,C5,0.18,8.83,2370,2307,1.0170641170255936
1,C5,0.19,9.315,2278,2235,1.0262717543213191
1,C5,0.2,9.8,2138,2076,1.0139076675421095
1,C5,0.21,10.285,2043,1994,1.0197762273469289
1,C5,0.22,10.77,1891,1873,1.036625871579603
1,C5,0.23,11.255,1745,1752,1.0521074102362569
1,C5,0.24,11.74,1602,1595,1.041884371374561
1,C5,0.25,12.225,1490,1498,1.0527801624527777
1,C5,0.26,12.71,1341,1359,1.061444707491816
1,C5,0.27,13.195,1246,1288,1.084096101794896
1,C5,0.28,13.68,1121,1166,1.0906443338467215
1,C5,0.29,14.165,1011,968,0.9979259817384553
1,C5,0.3,14.65,892,879,1.0287240728649216
1,C5,0.31,15.135,803,753,0.9763980010060264
1,C5,0.32,15.62,698,656,0.9788167111424226
1,C5,0.33,16.105,636,607,0.9946556542315839
1,C5,0.34,16.59,591,542,0.9544596289946825
1,C5,0.35,17.075,522,489,0.9757653244716816
1,C5,0.36,17.56,459,434,0.985218472934682
1,C5,0.37,18.045,407,387,0.9909471941557503
1,C5,0.38,18.53,371,358,1.0059872705879245
1,C5,0.39,19.015,325,316,1.0137811028196715
1,C5,0.4,19.5,287,283,1.0283416950425175
1,C5,0.41,19.985,262,262,1.0430678102054667
1,C5,0.42,20.47,230,224,1.0153995209228257
1,C5,0.43,20.955,208,200,1.0023191818323665
1,C5,0.44,21.44,178,168,0.9836551007761983
1,C5,0.45,21.925,162,156,1.0038120017890753
1,C5,0.46,22.41,148,145,1.0214420650741405
1,C5,0.47,22.895,139,137,1.0276140586428726
1,C5,0.48,23.38,123,124,1.0512431389226709
1,C5,0.49,23.865,114,118,1.0795272996876633
1,C5,0.5,24.35,104,110,1.1032094777280914
1,C5,0.51,24.835,98,101,1.0747507580744908
1,C5,0.52,25.32,89,87,1.0190590110548847
1,C5,0.53,25.805,82,77,0.9787232617933793
1,C5,0.54,26.29,78,76,1.0157274759239012
2,C0,0.14,6.89,10603,9992,0.9550329140769017
2,C0,0.15,7.375,11278,10668,0.9602616960789028
2,C0,0.16,7.86,11907,11247,0.9514439703566292
2,C0,0.17,8.345,12462,11797,0.9533242186383591
2,C0,0.18,8.83,12952,12277,0.9530851987550037
2,C0,0.19,9.315,13420,12754,0.9585588292518549
2,C0,0.2,9.8,13856,13159,0.9499837997041647
2,C0,0.21,10.285,14144,13431,0.9449013709081647
2,C0,0.22,10.77,14515,13766,0.9305039029241059
2,C0,0.23,11.255,14804,14054,0.928896784093382
2,C0,0.24,11.74,15056,14329,0.9388165490579717
2,C0,0.25,12.225,15279,14543,0.9330497060659957
2,C0,0.26,12.71,15509,14776,0.9330408420513181
2,C0,0.27,13.195,15654,14914,0.9269948981121906
2,C0,0.28,13.68,15846,15100,0.9195104413950674
2,C0,0.29,14.165,15997,15258,0.9215115530280836
2,C0,0.3,14.65,16143,15397,0.911081093325419
2,C0,0.31,15.135,16257,15594,0.9975862705296179
2,C0,0.32,15.62,16386,15749,1.0425540264724629
2,C0,0.33,16.105,16464,15817,1.035849084375205
2,C0,0.34,16.59,16530,15890,1.0575767929143327
2,C0,0.35,17.075,16614,15974,1.0741363314133265
2,C0,0.36,17.56,16682,16030,1.0616041897490756
2,C0,0.37,18.045,16740,16079,1.051639402015746
2,C0,0.38,18.53,16782,16109,1.0265570584885924
2,C0,0.39,19.015,16832,16156,1.027303083127832
2,C0,0.4,19.5,16873,16189,1.007434955253956
2,C0,0.41,19.985,16901,16210,0.9850368681207092
2,C0,0.42,20.47,16935,16257,1.0505272657385898
2,C0,0.43,20.955,16957,16276,1.0443850507577688
2,C0,0.44,21.44,16987,16308,1.0733235170336688
2,C0,0.45,21.925,17004,16321,1.0571133501179373
2,C0,0.46,22.41,17018,16334,1.059342830902356
2,C0,0.47,22.895,17027,16342,1.0580139278561285
2,C0,0.48,23.38,17043,16355,1.0438097238049062
2,C0,0.49,23.865,17052,16362,1.0312765131834236
2,C0,0.5,24.35,17062,16372,1.038698162069928
2,C0,0.51,24.835,17068,16375,1.0104294960333884
2,C0,0.52,25.32,17077,16380,0.9699622266100735
2,C0,0.53,25.805,17084,16390,1.007953255544458
2,C0,0.54,26.29,17088,16394,1.0105539950062423
2,C1,0.14,6.89,6564,6477,1.0470843310846116
2,C1,0.15,7.375,5889,5801,1.0413827856337112
2,C1,0.16,7.86,5260,5222,1.051034040002556
2,C1,0.17,8.345,4705,4672,1.048961077930348
2,C1,0.18,8.83,4215,4192,1.0492241420874862
2,C1,0.19,9.315,3747,3715,1.0432327881017898
2,C1,0.2,9.8,3311,3310,1.0526495297197815
2,C1,0.21,10.285,3023,3038,1.058311513548635
2,C1,0.22,10.77,2652,2703,1.0746865186244816
2,C1,0.23,11.255,2363,2415,1.0765458736903861
2,C1,0.24,11.74,2111,2140,1.065170827041152
2,C1,0.25,12.225,1888,1926,1.0717542629280554
2,C1,0.26,12.71,1658,1693,1.0717644447390644
2,C1,0.27,13.195,1513,1555,1.0787545886568342
2,C1,0.28,13.68,1321,1369,1.0875352306851622
2,C1,0.29,14.165,1170,1211,1.0851735897547932
2,C1,0.3,14.65,1024,1072,1.0975971374293694
2,C1,0.31,15.135,910,875,1.0024195696569687
2,C1,0.32,15.62,781,720,0.9591829052577288
2,C1,0.33,16.105,703,652,0.9653915952468808
2,C1,0.34,16.59,637,579,0.9455578135790309
2,C1,0.35,17.075,553,495,0.9309805196554709
2,C1,0.36,17.56,485,439,0.9419706606813256
2,C1,0.37,18.045,427,390,0.9508962844899445
2,C1,0.38,18.53,385,360,0.974129973322971
2,C1,0.39,19.015,335,313,0.9734225628480524
2,C1,0.4,19.5,294,280,0.9926199153452226
2,C1,0.41,19.985,266,259,1.0151904282606579
2,C1,0.42,20.47,232,212,0.9519029468472998
2,C1,0.43,20.955,210,193,0.9575012580603633
2,C1,0.44,21.44,180,161,0.9316855394761945
2,C1,0.45,21.925,163,148,0.9459723499740446
2,C1,0.46,22.41,149,135,0.9439814674048368
2,C1,0.47,22.895,140,127,0.9451671416333024
2,C1,0.48,23.38,124,114,0.9580290135205767
2,C1,0.49,23.865,115,107,0.9696720396677349
2,C1,0.5,24.35,105,97,0.9627435924284202
2,C1,0.51,24.835,99,94,0.9896781556018198
2,C1,0.52,25.32,90,89,1.0309679826346494
2,C1,0.53,25.805,83,79,0.9921094996214265
2,C1,0.54,26.29,79,75,0.9895562285059523
2,C2,0.14,6.89,4056,3770,0.9596429963191127
2,C2,0.15,7.375,3885,3588,0.9523033386398032
2,C2,0.16,7.86,3645,3412,0.9694133971833744
2,C2,0.17,8.345,3425,3194,0.9653610018282541
2,C2,0.18,8.83,3194,2985,0.9684569917230227
2,C2,0.19,9.315,2939,2756,0.9729510871370856
2,C2,0.2,9.8,2691,2540,0.9809540281779933
2,C2,0.21,10.285,2508,2382,0.9883256237808588
2,C2,0.22,10.77,2257,2152,0.9929704545185167
2,C2,0.23,11.255,2058,1950,0.9860257505145062
2,C2,0.24,11.74,1864,1776,0.9923460676874831
2,C2,0.25,12.225,1696,1619,0.9945186535162949
2,C2,0.26,12.71,1511,1439,0.9920148232104069
2,C2,0.27,13.195,1398,1351,1.0079940992565684
2,C2,0.28,13.68,1234,1199,1.0138239405450673
2,C2,0.29,14.165,1110,1103,1.0383795157906832
2,C2,0.3,14.65,978,969,1.0348400949930734
2,C2,0.31,15.135,872,864,1.0346366284624136
2,C2,0.32,15.62,753,752,1.0429599706833204
2,C2,0.33,16.105,681,659,1.0090710074944667
2,C2,0.34,16.59,619,589,0.9915615093817524
2,C2,0.35,17.075,541,508,0.978124474154365
2,C2,0.36,17.56,475,449,0.9849146461659767
2,C2,0.37,18.045,419,393,0.9771550528783031
2,C2,0.38,18.53,378,355,0.9784936756824557
2,C2,0.39,19.015,331,305,0.9597583978719635
2,C2,0.4,19.5,290,262,0.9407969736363385
2,C2,0.41,19.985,262,234,0.9299882216585128
2,C2,0.42,20.47,232,213,0.9564518883213413
2,C2,0.43,20.955,210,197,0.977586095893618
2,C2,0.44,21.44,180,181,1.04870900185549
2,C2,0.45,21.925,163,170,1.0880565144385763
2,C2,0.46,22.41,149,157,1.0992961084358366
2,C2,0.47,22.895,140,143,1.0652863093050524
2,C2,0.48,23.38,124,123,1.0342320109881868
2,C2,0.49,23.865,115,116,1.0518117936078741
2,C2,0.5,24.35,105,102,1.0126788223690526
2,C2,0.51,24.835,99,97,1.0214507646708966
2,C2,0.52,25.32,90,85,0.9843919542100694
2,C2,0.53,25.805,83,74,0.9290343441469445
2,C2,0.54,26.29,79,71,0.9365513855502601
2,C3,0.14,6.89,4056,3970,1.0267225717307877
2,C3,0.15,7.375,3885,3798,1.0247466854206653
2,C3,0.16,7.86,3645,3620,1.0451596634582485
2,C3,0.17,8.345,3425,3391,1.0403412651547201
2,C3,0.18,8.83,3194,3259,1.0792853699475313
2,C3,0.19,9.315,2939,2996,1.076519174474868
2,C3,0.2,9.8,2691,2746,1.07643137121417
2,C3,0.21,10.285,2508,2569,1.080254581024176
2,C3,0.22,10.77,2257,2345,1.0968095482420592
2,C3,0.23,11.255,2058,2141,1.097037429073887
2,C3,0.24,11.74,1864,1911,1.0776795511457204
2,C3,0.25,12.225,1696,1742,1.0790123166152272
2,C3,0.26,12.71,1511,1556,1.0810876922461772
2,C3,0.27,13.195,1398,1446,1.0856969242297718
2,C3,0.28,13.68,1234,1279,1.0871642608002579
2,C3,0.29,14.165,1110,1161,1.097122684482235
2,C3,0.3,14.65,978,1035,1.1100512294185971
2,C3,0.31,15.135,872,844,1.0093930275229357
2,C3,0.32,15.62,753,691,0.9546530150997816
2,C3,0.33,16.105,681,631,0.964488834174356
2,C3,0.34,16.59,619,561,0.9427621586643393
2,C3,0.35,17.075,541,483,0.9285340476983903
2,C3,0.36,17.56,475,429,0.9398697991862449
2,C3,0.37,18.045,419,382,0.9491551977292921
2,C3,0.38,18.53,378,352,0.9700441185208821
2,C3,0.39,19.015,331,307,0.9661714416457836
2,C3,0.4,19.5,290,274,0.9846159414889654
2,C3,0.41,19.985,262,253,1.006678212452502
2,C3,0.42,20.47,232,212,0.9519029468472998
2,C3,0.43,20.955,210,193,0.9575012580603633
2,C3,0.44,21.44,180,161,0.9316855394761945
2,C3,0.45,21.925,163,148,0.9459723499740446
2,C3,0.46,22.41,149,135,0.9439814674048368
2,C3,0.47,22.895,140,127,0.9451671416333024
2,C3,0.48,23.38,124,114,0.9580290135205767
2,C3,0.49,23.865,115,107,0.9696720396677349
2,C3,0.5,24.35,105,97,0.9627435924284202
2,C3,0.51,24.835,99,94,0.9896781556018198
2,C3,0.52,25.32,90,89,1.0309679826346494
2,C3,0.53,25.805,83,79,0.9921094996214265
2,C3,0.54,26.29,79,75,0.9895562285059523
2,C4,0.14,6.89,4056,3800,0.9695699157255835
2,C4,0.15,7.375,3885,3633,0.9676273656018125
2,C4,0.16,7.86,3645,3451,0.9834314458760383
2,C4,0.17,8.345,3425,3256,0.9887177470098295
2,C4,0.18,8.83,3194,3048,0.9935388035936727
2,C4,0.19,9.315,2939,2802,0.9925198631036136
2,C4,0.2,9.8,2691,2561,0.9905576882731102
2,C4,0.21,10.285,2508,2410,1.001934715092797
2,C4,0.22,10.77,2257,2172,1.0036007752369205
2,C4,0.23,11.255,2058,2008,1.0194260639638708
2,C4,0.24,11.74,1864,1850,1.0389262811903024
2,C4,0.25,12.225,1696,1702,1.051380260805902
2,C4,0.26,12.71,1511,1500,1.038280790227003
2,C4,0.27,13.195,1398,1393,1.042226159039313
2,C4,0.28,13.68,1234,1242,1.0531485752244878
2,C4,0.29,14.165,1110,1140,1.075802268443667
2,C4,0.3,14.65,978,1019,1.091759220653735
2,C4,0.31,15.135,872,905,1.0865888317901344
2,C4,0.32,15.62,753,794,1.1041610061614255
2,C4,0.33,16.105,681,752,1.1582875039111853
2,C4,0.34,16.59,619,683,1.156654011540051
2,C4,0.35,17.075,541,585,1.131843806599696
2,C4,0.36,17.56,475,510,1.1229987368948722
2,C4,0.37,18.045,419,450,1.12286111316797
2,C4,0.38,18.53,378,416,1.1509862996812477
2,C4,0.39,19.015,331,361,1.1399255928824843
2,C4,0.4,19.5,290,329,1.1862865871896764
2,C4,0.41,19.985,262,300,1.197159393222069
2,C4,0.42,20.47,232,248,1.1160181884275173
2,C4,0.43,20.955,210,221,1.098302794776207
2,C4,0.44,21.44,180,201,1.1660202032620277
2,C4,0.45,21.925,163,186,1.1916316049445979
2,C4,0.46,22.41,149,170,1.191270020683115
2,C4,0.47,22.895,140,166,1.2383706767378484
2,C4,0.48,23.38,124,141,1.1868900246558456
2,C4,0.49,23.865,115,137,1.2438232757243715
2,C4,0.5,24.35,105,128,1.2728346169873617
2,C4,0.51,24.835,99,125,1.3185575777352574
2,C4,0.52,25.32,90,121,1.4043967321860644
2,C4,0.53,25.805,83,110,1.3840360525174236
2,C4,0.54,26.29,79,105,1.3879185244547307
2,C5,0.14,6.89,2572,2350,0.9444893367496036
2,C5,0.15,7.375,2614,2419,0.9585317221530929
2,C5,0.16,7.86,2565,2392,0.9673330793695106
2,C5,0.17,8.345,2515,2362,0.975448055975482
2,C5,0.18,8.83,2439,2275,0.96785116082808
2,C5,0.19,9.315,2319,2164,0.9685824697245178
2,C5,0.2,9.8,2195,2078,0.9849175223251561
2,C5,0.21,10.285,2075,1976,0.9916475506663375
2,C5,0.22,10.77,1915,1831,0.9962414788648737
2,C5,0.23,11.255,1765,1670,0.9847285064625184
2,C5,0.24,11.74,1628,1535,0.9810720404834506
2,C5,0.25,12.225,1504,1419,0.9819129939209726
2,C5,0.26,12.71,1358,1258,0.9627809848872062
2,C5,0.27,13.195,1273,1183,0.9662637664538886
2,C5,0.28,13.68,1140,1062,0.9690670337816372
2,C5,0.29,14.165,1039,942,0.9417341446205073
2,C5,0.3,14.65,922,820,0.9232430700110573
2,C5,0.31,15.135,818,736,0.9349839629750558
2,C5,0.32,15.62,712,633,0.9237960691185778
2,C5,0.33,16.105,645,564,0.9083397790661121
2,C5,0.34,16.59,589,518,0.9140262852949808
2,C5,0.35,17.075,523,461,0.9164734076556369
2,C5,0.36,17.56,462,409,0.9208359614648531
2,C5,0.37,18.045,409,363,0.9234594041856564
2,C5,0.38,18.53,370,331,0.9311256292852526
2,C5,0.39,19.015,327,299,0.9522599142520506
2,C5,0.4,19.5,287,256,0.9286822141908319
2,C5,0.41,19.985,259,235,0.9450065000145078
2,C5,0.42,20.47,230,222,1.0062095744766257
2,C5,0.43,20.955,208,199,0.997246288591556
2,C5,0.44,21.44,178,182,1.0665423516239256
2,C5,0.45,21.925,161,173,1.1213505124147372
2,C5,0.46,22.41,147,161,1.143055701554598
2,C5,0.47,22.895,138,147,1.1113581029605282
2,C5,0.48,23.38,122,127,1.0857646294070793
2,C5,0.49,23.865,113,122,1.126340196111868
2,C5,0.5,24.35,104,108,1.0830187171180998
2,C5,0.51,24.835,98,104,1.1068769212542946
2,C5,0.52,25.32,90,91,1.0542645282967666
2,C5,0.53,25.805,83,86,1.080479397906587
2,C5,0.54,26.29,79,82,1.0823769690855594
3,C0,0.14,6.89,10603,10270,1.0256250468122436
3,C0,0.15,7.375,11278,10873,1.0145679671885817
3,C0,0.16,7.86,11907,11480,1.0165102791102212
3,C0,0.17,8.345,12462,12022,1.0206608932170211
3,C0,0.18,8.83,12952,12470,1.0147890972125366
3,C0,0.19,9.315,13420,12899,1.0088323585768137
3,C0,0.2,9.8,13856,13327,1.0135554730074399
3,C0,0.21,10.285,14144,13595,1.011016742593135
3,C0,0.22,10.77,14515,13941,1.0075656130497912
3,C0,0.23,11.255,14804,14236,1.0176159406935805
3,C0,0.24,11.74,15056,14494,1.0289630611119331
3,C0,0.25,12.225,15279,14712,1.0346822856955114
3,C0,0.26,12.71,15509,14918,1.0282519344958039
3,C0,0.27,13.195,15654,15063,1.0354753242278205
3,C0,0.28,13.68,15846,15226,1.0211695655966229
3,C0,0.29,14.165,15997,15354,1.007149602882379
3,C0,0.3,14.65,16143,15524,1.042047546612993
3,C0,0.31,15.135,16257,15629,1.0414846937729387
3,C0,0.32,15.62,16386,15752,1.0471156024779462
3,C0,0.33,16.105,16464,15829,1.0560718651299805
3,C0,0.34,16.59,16530,15904,1.084737109786979
3,C0,0.35,17.075,16614,15984,1.0969697646625192
3,C0,0.36,17.56,16682,16043,1.094887773670758
3,C0,0.37,18.045,16740,16090,1.082902248575923
3,C0,0.38,18.53,16782,16141,1.128947137031256
3,C0,0.39,19.015,16832,16163,1.0512587679241532
3,C0,0.4,19.5,16873,16195,1.0298771284490706
3,C0,0.41,19.985,16901,16225,1.0465599571661781
3,C0,0.42,20.47,16935,16259,1.0606627581649726
3,C0,0.43,20.955,16957,16278,1.0554506980545495
3,C0,0.44,21.44,16987,16304,1.0470466720540306
3,C0,0.45,21.925,17004,16322,1.0643698081443822
3,C0,0.46,22.41,17018,16334,1.059342830902356
3,C0,0.47,22.895,17027,16349,1.120211037372017
3,C0,0.48,23.38,17043,16365,1.1448756313216795
3,C0,0.49,23.865,17052,16368,1.0929411026957727
3,C0,0.5,24.35,17062,16375,1.0720445085133816
3,C0,0.51,24.835,17068,16378,1.043931578147655
3,C0,0.52,25.32,17077,16384,1.0158555194637438
3,C0,0.53,25.805,17084,16394,1.061969874346367
3,C0,0.54,26.29,17088,16406,1.203921065929493
3,C1,0.14,6.89,6564,6199,0.9750151901107631
3,C1,0.15,7.375,5889,5596,0.985641211175876
3,C1,0.16,7.86,5260,4989,0.9837578827784474
3,C1,0.17,8.345,4705,4447,0.9797573382557059
3,C1,0.18,8.83,4215,3999,0.9854264326911277
3,C1,0.19,9.315,3747,3570,0.9912449689963615
3,C1,0.2,9.8,3311,3142,0.9866258203241527
3,C1,0.21,10.285,3023,2874,0.9891033035072414
3,C1,0.22,10.77,2652,2528,0.9924911956583244
3,C1,0.23,11.255,2363,2233,0.982689008702464
3,C1,0.24,11.74,2111,1975,0.9718521857522906
3,C1,0.25,12.225,1888,1757,0.9664802556543257
3,C1,0.26,12.71,1658,1551,0.9725243069835243
3,C1,0.27,13.195,1513,1406,0.9657400583116016
3,C1,0.28,13.68,1321,1243,0.9792692944347059
3,C1,0.29,14.165,1170,1115,0.9929011510684038
3,C1,0.3,14.65,1024,945,0.9596491093427918
3,C1,0.31,15.135,910,840,0.960167735521245
3,C1,0.32,15.62,781,717,0.9550043926702557
3,C1,0.33,16.105,703,640,0.9469052561843608
3,C1,0.34,16.59,637,565,0.9218823537772949
3,C1,0.35,17.075,553,485,0.9116021536907613
3,C1,0.36,17.56,485,426,0.9133356167156437
3,C1,0.37,18.045,427,379,0.9234443841215179
3,C1,0.38,18.53,385,328,0.8857810673311571
3,C1,0.39,19.015,335,306,0.9512405798760943
3,C1,0.4,19.5,294,274,0.9709896184469465
3,C1,0.41,19.985,266,244,0.9555114288031326
3,C1,0.42,20.47,232,210,0.942806742578646
3,C1,0.43,20.955,210,191,0.9474625407356702
3,C1,0.44,21.44,180,165,0.9550672636571802
3,C1,0.45,21.925,163,147,0.9395230796177841
3,C1,0.46,22.41,149,135,0.9439814674048368
3,C1,0.47,22.895,140,120,0.8926889368506593
3,C1,0.48,23.38,124,104,0.8734573194169304
3,C1,0.49,23.865,115,101,0.9149623868417698
3,C1,0.5,24.35,105,94,0.9327970919665577
3,C1,0.51,24.835,99,91,0.9579171862722968
3,C1,0.52,25.32,90,85,0.9843919542100694
3,C1,0.53,25.805,83,75,0.9416462972789046
3,C1,0.54,26.29,79,63,0.8306192393335565
3,C2,0.14,6.89,4003,3889,1.0166221915439415
3,C2,0.15,7.375,3827,3733,1.0216974439745106
3,C2,0.16,7.86,3608,3530,1.0252626215215213
3,C2,0.17,8.345,3408,3328,1.0224502533553552
3,C2,0.18,8.83,3173,3119,1.0304001340901874
3,C2,0.19,9.315,2916,2904,1.0462479844795445
3,C2,0.2,9.8,2655,2667,1.0561940994386305
3,C2,0.21,10.285,2481,2469,1.0439262394195887
3,C2,0.22,10.77,2239,2226,1.042008396530369
3,C2,0.23,11.255,2037,2017,1.0366349438243314
3,C2,0.24,11.74,1845,1812,1.026673123250302
3,C2,0.25,12.225,1672,1646,1.0290797438482224
3,C2,0.26,12.71,1491,1490,1.0458299119325964
3,C2,0.27,13.195,1374,1372,1.0445791643924358
3,C2,0.28,13.68,1220,1232,1.0568914968632224
3,C2,0.29,14.165,1091,1082,1.0361593586358
3,C2,0.3,14.65,961,953,1.0357753628961839
3,C2,0.31,15.135,855,839,1.0241040434312483
3,C2,0.32,15.62,736,719,1.019141563146998
3,C2,0.33,16.105,666,656,1.0278402097791208
3,C2,0.34,16.59,607,624,1.0743950222059562
3,C2,0.35,17.075,531,553,1.0885430052029275
3,C2,0.36,17.56,469,488,1.0871950953484342
3,C2,0.37,18.045,416,428,1.0743845098857254
3,C2,0.38,18.53,374,386,1.0776480031228375
3,C2,0.39,19.015,325,332,1.0661678607690876
3,C2,0.4,19.5,286,293,1.069125329418356
3,C2,0.41,19.985,259,261,1.0512440588946017
3,C2,0.42,20.47,226,233,1.075740406438658
3,C2,0.43,20.955,204,204,1.042914233015678
3,C2,0.44,21.44,176,178,1.054820425109235
3,C2,0.45,21.925,159,150,0.9832270984047996
3,C2,0.46,22.41,146,141,1.0067423469558971
3,C2,0.47,22.895,137,136,1.0350635786846833
3,C2,0.48,23.38,123,120,1.017083166121893
3,C2,0.49,23.865,114,116,1.0611004365313088
3,C2,0.5,24.35,104,105,1.0527418300960834
3,C2,0.51,24.835,98,94,0.9998354883938307
3,C2,0.52,25.32,89,83,0.9719683972478561
3,C2,0.53,25.805,83,77,0.9668748199239123
3,C2,0.54,26.29,79,74,0.9763025930258145
3,C3,0.14,6.89,4003,3769,0.9759435541454146
3,C3,0.15,7.375,3827,3601,0.9754599353334159
3,C3,0.16,7.86,3608,3354,0.9610719348624186
3,C3,0.17,8.345,3408,3152,0.9555800926557568
3,C3,0.18,8.83,3173,2949,0.9619884957584054
3,C3,0.19,9.315,2916,2719,0.9664164858461155
3,C3,0.2,9.8,2655,2480,0.969008875550456
3,C3,0.21,10.285,2481,2341,0.980838460636055
3,C3,0.22,10.77,2239,2111,0.9802612092326005
3,C3,0.23,11.255,2037,1899,0.9680846009766473
3,C3,0.24,11.74,1845,1711,0.9628122141094022
3,C3,0.25,12.225,1672,1543,0.9580271043687937
3,C3,0.26,12.71,1491,1383,0.9638416472586013
3,C3,0.27,13.195,1374,1269,0.9596125890599861
3,C3,0.28,13.68,1220,1135,0.96751914207579
3,C3,0.29,14.165,1091,1030,0.9830402597395658
3,C3,0.3,14.65,961,878,0.9496705955989577
3,C3,0.31,15.135,855,783,0.9523369816866532
3,C3,0.32,15.62,736,667,0.9423233609669662
3,C3,0.33,16.105,666,594,0.9270619280698021
3,C3,0.34,16.59,607,527,0.9018606782370276
3,C3,0.35,17.075,531,462,0.9042456354723339
3,C3,0.36,17.56,469,411,0.9112593182336631
3,C3,0.37,18.045,416,366,0.9152119886882043
3,C3,0.38,18.53,374,315,0.875562516924336
3,C3,0.39,19.015,325,293,0.9386566993837022
3,C3,0.4,19.5,286,262,0.9541810691313992
3,C3,0.41,19.985,259,235,0.9450065000145078
3,C3,0.42,20.47,226,201,0.9261738120986747
3,C3,0.43,20.955,204,182,0.9291862751117516
3,C3,0.44,21.44,176,160,0.9471067285770823
3,C3,0.45,21.925,159,142,0.9303322466586005
3,C3,0.46,22.41,146,131,0.9347696855972378
3,C3,0.47,22.895,137,116,0.8817686078270421
3,C3,0.48,23.38,123,104,0.8806102653143856
3,C3,0.49,23.865,114,101,0.9230425005573563
3,C3,0.5,24.35,104,94,0.9418214914856137
3,C3,0.51,24.835,98,91,0.9677485477033652
3,C3,0.52,25.32,89,85,0.9955108299683988
3,C3,0.53,25.805,83,75,0.9416462972789046
3,C3,0.54,26.29,79,63,0.8306192393335565
3,C4,0.14,6.89,4003,3852,1.0039971012467448
3,C4,0.15,7.375,3827,3708,1.012866912424879
3,C4,0.16,7.86,3608,3545,1.0308142699843053
3,C4,0.17,8.345,3408,3362,1.0355753260183158
3,C4,0.18,8.83,3173,3089,1.018201171412191
3,C4,0.19,9.315,2916,2831,1.0144882088314926
3,C4,0.2,9.8,2655,2587,1.0186081177620032
3,C4,0.21,10.285,2481,2452,1.035481042093845
3,C4,0.22,10.77,2239,2223,1.0403849364923634
3,C4,0.23,11.255,2037,2078,1.072512763066782
3,C4,0.24,11.74,1845,1811,1.0260365234297724
3,C4,0.25,12.225,1672,1638,1.0235257425043045
3,C4,0.26,12.71,1491,1453,1.0173466656804617
3,C4,0.27,13.195,1374,1344,1.0213669204951459
3,C4,0.28,13.68,1220,1178,1.0069979019052244
3,C4,0.29,14.165,1091,1066,1.0197768204117985
3,C4,0.3,14.65,961,919,0.9966382820681833
3,C4,0.31,15.135,855,818,0.9971312110916442
3,C4,0.32,15.62,736,686,0.9703328636480086
3,C4,0.33,16.105,666,619,0.9676034709788652
3,C4,0.34,16.59,607,568,0.9745307326313857
3,C4,0.35,17.075,531,500,0.9809495539792905
3,C4,0.36,17.56,469,440,0.9773224197453416
3,C4,0.37,18.045,416,392,0.9818122879794834
3,C4,0.38,18.53,374,349,0.9721137259325114
3,C4,0.39,19.015,325,305,0.9778253669122265
3,C4,0.4,19.5,286,280,1.0208693030362066
3,C4,0.41,19.985,259,251,1.0103431479680092
3,C4,0.42,20.47,226,216,0.9962098215768471
3,C4,0.43,20.955,204,197,1.0066947071355583
3,C4,0.44,21.44,176,170,1.0069182995052681
3,C4,0.45,21.925,159,158,1.036173836462564
3,C4,0.46,22.41,146,146,1.042761747227838
3,C4,0.47,22.895,137,124,0.9430415783750472
3,C4,0.48,23.38,123,109,0.9232293716580199
3,C4,0.49,23.865,114,99,0.904653891907533
3,C4,0.5,24.35,104,92,0.9216701659456743
3,C4,0.51,24.835,98,89,0.9463637836086816
3,C4,0.52,25.32,89,86,1.0072842018343213
3,C4,0.53,25.805,83,83,1.0425973391919932
3,C4,0.54,26.29,79,76,1.0028114809732775
3,C5,0.14,6.89,2515,2512,1.0485435598773911
3,C5,0.15,7.375,2548,2544,1.04819032211697
3,C5,0.16,7.86,2519,2539,1.0598923272860645
3,C5,0.17,8.345,2470,2496,1.0628859416845269
3,C5,0.18,8.83,2404,2427,1.06140459652656
3,C5,0.19,9.315,2304,2268,1.0302630536581932
3,C5,0.2,9.8,2155,2121,1.0297708210300538
3,C5,0.21,10.285,2062,2028,1.0287331891476412
3,C5,0.22,10.77,1908,1871,1.0250100671439728
3,C5,0.23,11.255,1753,1722,1.026745730062533
3,C5,0.24,11.74,1611,1604,1.041937921325031
3,C5,0.25,12.225,1486,1515,1.0690799924614038
3,C5,0.26,12.71,1353,1382,1.0706538685625835
3,C5,0.27,13.195,1250,1258,1.053110827690487
3,C5,0.28,13.68,1121,1094,1.018505486535686
3,C5,0.29,14.165,1012,992,1.0231783436904078
3,C5,0.3,14.65,901,849,0.9812567058084558
3,C5,0.31,15.135,809,770,0.9917459096660121
3,C5,0.32,15.62,702,669,0.9931015362977388
3,C5,0.33,16.105,640,606,0.9865096844859106
3,C5,0.34,16.59,588,551,0.9759871595327414
3,C5,0.35,17.075,516,499,1.0082918310980375
3,C5,0.36,17.56,457,446,1.0177738210294256
3,C5,0.37,18.045,406,389,0.9987055179766193
3,C5,0.38,18.53,365,350,0.9995351355118225
3,C5,0.39,19.015,317,308,1.0130319183718564
3,C5,0.4,19.5,279,272,1.0165022373495867
3,C5,0.41,19.985,256,253,1.0306379019949432
3,C5,0.42,20.47,223,218,1.0192658720139471
3,C5,0.43,20.955,204,201,1.0273877623338492
3,C5,0.44,21.44,176,162,0.9590631742085106
3,C5,0.45,21.925,159,150,0.9832270984047996
3,C5,0.46,22.41,146,137,0.9779427059743205
3,C5,0.47,22.895,137,127,0.9660344086751526
3,C5,0.48,23.38,123,118,1.0000094472230883
3,C5,0.49,23.865,114,113,1.0334685913855315
3,C5,0.5,24.35,104,96,0.9619777400880436
3,C5,0.51,24.835,98,93,0.9891385352382281
3,C5,0.52,25.32,89,86,1.0072842018343213
3,C5,0.53,25.805,83,78,0.9794913900002425
3,C5,0.54,26.29,79,76,1.0028114809732775
4,C0,0.14,6.89,10603,10186,1.0036364442034842
4,C0,0.15,7.375,11278,10774,0.9878538729321585
4,C0,0.16,7.86,11907,11429,1.0017540035806602
4,C0,0.17,8.345,12462,11951,0.9986881589709565
4,C0,0.18,8.83,12952,12425,0.9998756536346024
4,C0,0.19,9.315,13420,12887,1.0045173083499963
4,C0,0.2,9.8,13856,13313,1.007999330246724
4,C0,0.21,10.285,14144,13597,1.0118696304386872
4,C0,0.22,10.77,14515,13989,1.0306031580234019
4,C0,0.23,11.255,14804,14240,1.0197285202585504
4,C0,0.24,11.74,15056,14458,1.0080330631051004
4,C0,0.25,12.225,15279,14671,1.0082705649702337
4,C0,0.26,12.71,15509,14896,1.0123756043954872
4,C0,0.27,13.195,15654,15014,0.9973486789275119
4,C0,0.28,13.68,15846,15194,0.9934479165893291
4,C0,0.29,14.165,15997,15329,0.9834590696281869
4,C0,0.3,14.65,16143,15446,0.9577587021760368
4,C0,0.31,15.135,16257,15558,0.9559526397038999
4,C0,0.32,15.62,16386,15690,0.959983059523401
4,C0,0.33,16.105,16464,15757,0.9449601821065505
4,C0,0.34,16.59,16530,15821,0.9408610793693472
4,C0,0.35,17.075,16614,15914,0.954415086809453
4,C0,0.36,17.56,16682,15983,0.9561271531425656
4,C0,0.37,18.045,16740,16037,0.946916760697376
4,C0,0.38,18.53,16782,16096,0.9899793695722118
4,C0,0.39,19.015,16832,16134,0.9585313688212928
4,C0,0.4,19.5,16873,16182,0.9824383883618366
4,C0,0.41,19.985,16901,16204,0.9623777983439631
4,C0,0.42,20.47,16935,16236,0.9546098374116636
4,C0,0.43,20.955,16957,16259,0.9588370584419413
4,C0,0.44,21.44,16987,16287,0.9482558414094295
4,C0,0.45,21.925,17004,16300,0.9245649126763072
4,C0,0.46,22.41,17018,16313,0.9155603719741691
4,C0,0.47,22.895,17027,16323,0.9192571669009172
4,C0,0.48,23.38,17043,16352,1.0168588151337667
4,C0,0.49,23.865,17052,16359,1.0029668607254814
4,C0,0.5,24.35,17062,16368,0.9973178773744212
4,C0,0.51,24.835,17068,16373,0.9892580413639559
4,C0,0.52,25.32,17077,16380,0.9699622266100735
4,C0,0.53,25.805,17084,16390,1.007953255544458
4,C0,0.54,26.29,17088,16393,0.9971964012911492
4,C1,0.14,6.89,6564,6283,0.9963767316098507
4,C1,0.15,7.375,5889,5695,1.0122954694015516
4,C1,0.16,7.86,5260,5040,0.9982490675611071
4,C1,0.17,8.345,4705,4518,1.001313564216477
4,C1,0.18,8.83,4215,4044,1.0001243618293392
4,C1,0.19,9.315,3747,3582,0.9955030059587362
4,C1,0.2,9.8,3311,3156,0.9920641512283882
4,C1,0.21,10.285,3023,2872,0.9882696050146883
4,C1,0.22,10.77,2652,2480,0.9703055848556725
4,C1,0.23,11.255,2363,2229,0.9806531641837885
4,C1,0.24,11.74,2111,2011,0.9920309527543117
4,C1,0.25,12.225,1888,1798,0.99179727618997
4,C1,0.26,12.71,1658,1573,0.9877756789656374
4,C1,0.27,13.195,1513,1455,1.0026583692629334
4,C1,0.28,13.68,1321,1275,1.0065952963424245
4,C1,0.29,14.165,1170,1140,1.0168191345045674
4,C1,0.3,14.65,1024,1023,1.0441043216083452
4,C1,0.31,15.135,910,911,1.0460769273148756
4,C1,0.32,15.62,781,779,1.041685048584572
4,C1,0.33,16.105,703,712,1.058245647738037
4,C1,0.34,16.59,637,648,1.0628561664707112
4,C1,0.35,17.075,553,555,1.0477621464921876
4,C1,0.36,17.56,485,486,1.0458859961389388
4,C1,0.37,18.045,427,432,1.0560590344430378
4,C1,0.38,18.53,385,373,1.0101220598487
4,C1,0.39,19.015,335,335,1.0432626750960705
4,C1,0.4,19.5,294,287,1.0178755348388273
4,C1,0.41,19.985,266,265,1.039092965071281
4,C1,0.42,20.47,232,233,1.0475483918240436
4,C1,0.43,20.955,210,210,1.0429300694999692
4,C1,0.44,21.44,180,182,1.0545677193126077
4,C1,0.45,21.925,163,169,1.081589822725733
4,C1,0.46,22.41,149,156,1.0922272638818549
4,C1,0.47,22.895,140,146,1.087834869290484
4,C1,0.48,23.38,124,117,0.9834206923489679
4,C1,0.49,23.865,115,110,0.9970419154992465
4,C1,0.5,24.35,105,101,1.002689335753852
4,C1,0.51,24.835,99,96,1.0108586012818592
4,C1,0.52,25.32,90,89,1.0309679826346494
4,C1,0.53,25.805,83,79,0.9921094996214265
4,C1,0.54,26.29,79,76,1.0028114809732775
4,C2,0.14,6.89,4072,3962,1.0187299041809672
4,C2,0.15,7.375,3861,3806,1.035809511210285
4,C2,0.16,7.86,3630,3573,1.0332223586530773
4,C2,0.17,8.345,3403,3376,1.0429079664927403
4,C2,0.18,8.83,3181,3145,1.037805291116545
4,C2,0.19,9.315,2924,2884,1.0340932880928562
4,C2,0.2,9.8,2654,2591,1.020931976607867
4,C2,0.21,10.285,2473,2404,1.0155718302278902
4,C2,0.22,10.77,2227,2173,1.0197073912799848
4,C2,0.23,11.255,2025,1983,1.0236051155393968
4,C2,0.24,11.74,1831,1780,1.0149660767415172
4,C2,0.25,12.225,1660,1625,1.0226384519484568
4,C2,0.26,12.71,1483,1473,1.0388264472234179
4,C2,0.27,13.195,1371,1364,1.040407108905302
4,C2,0.28,13.68,1208,1232,1.0681936224431032
4,C2,0.29,14.165,1082,1098,1.0619254324735432
4,C2,0.3,14.65,954,953,1.0438260660666503
4,C2,0.31,15.135,856,856,1.044706334464869
4,C2,0.32,15.62,740,763,1.0784139130853763
4,C2,0.33,16.105,671,695,1.0831761673882034
4,C2,0.34,16.59,616,635,1.0775231541857158
4,C2,0.35,17.075,534,542,1.0599725950021506
4,C2,0.36,17.56,471,473,1.0481930461383924
4,C2,0.37,18.045,416,406,1.0177632902178442
4,C2,0.38,18.53,375,355,0.9864978693475652
4,C2,0.39,19.015,327,311,0.9912132977368365
4,C2,0.4,19.5,286,263,0.9578820845944134
4,C2,0.41,19.985,258,234,0.9446301057863787
4,C2,0.42,20.47,226,208,0.9588412037488034
4,C2,0.43,20.955,206,195,0.9865623407877954
4,C2,0.44,21.44,176,179,1.0608114989675763
4,C2,0.45,21.925,159,158,1.036173836462564
4,C2,0.46,22.41,145,148,1.064529091988532
4,C2,0.47,22.895,137,142,1.0811253045088094
4,C2,0.48,23.38,121,126,1.0861151664498108
4,C2,0.49,23.865,112,121,1.127079218952078
4,C2,0.5,24.35,103,113,1.1445768543119474
4,C2,0.51,24.835,97,95,1.0210114350258581
4,C2,0.52,25.32,89,89,1.0426129426129425
4,C2,0.53,25.805,82,82,1.0425947397327149
4,C2,0.54,26.29,78,79,1.0560152375588616
4,C3,0.14,6.89,4072,3783,0.9589795977311437
4,C3,0.15,7.375,3861,3642,0.9785039073259233
4,C3,0.16,7.86,3630,3365,0.9576283354692446
4,C3,0.17,8.345,3403,3170,0.964102016114946
4,C3,0.18,8.83,3181,2997,0.9781028482654955
4,C3,0.19,9.315,2924,2781,0.9896579057934456
4,C3,0.2,9.8,2654,2509,0.9828144197113943
4,C3,0.21,10.285,2473,2329,0.9786693746493245
4,C3,0.22,10.77,2227,2057,0.9575036070450197
4,C3,0.23,11.255,2025,1896,0.9728538062525574
4,C3,0.24,11.74,1831,1727,0.9812048501289353
4,C3,0.25,12.225,1660,1567,0.9822999823748086
4,C3,0.26,12.71,1483,1393,0.9771937266557019
4,C3,0.27,13.195,1371,1303,0.9898811047360825
4,C3,0.28,13.68,1208,1155,0.9963962443576281
4,C3,0.29,14.165,1082,1040,1.0020499362112947
4,C3,0.3,14.65,954,958,1.0496408378337576
4,C3,0.31,15.135,856,857,1.045993780844354
4,C3,0.32,15.62,740,737,1.0399443207509569
4,C3,0.33,16.105,671,678,1.0555436273052967
4,C3,0.34,16.59,616,626,1.061647734957714
4,C3,0.35,17.075,534,534,1.0438029494822718
4,C3,0.36,17.56,471,472,1.0459116073648098
4,C3,0.37,18.045,416,421,1.0563518279296726
4,C3,0.38,18.53,375,364,1.0120729380109696
4,C3,0.39,19.015,327,331,1.0562643378232774
4,C3,0.4,19.5,286,283,1.0319984291008633
4,C3,0.41,19.985,258,261,1.0553810636148673
4,C3,0.42,20.47,226,231,1.066375223854893
4,C3,0.43,20.955,206,208,1.0531744605444082
4,C3,0.44,21.44,176,180,1.06680330842342
4,C3,0.45,21.925,159,167,1.095801032245918
4,C3,0.46,22.41,145,154,1.1080930389846448
4,C3,0.47,22.895,137,145,1.1041688651522008
4,C3,0.48,23.38,121,116,0.9993040931150703
4,C3,0.49,23.865,112,109,1.0145580466294097
4,C3,0.5,24.35,103,100,1.0120954420711183
4,C3,0.51,24.835,97,95,1.0210114350258581
4,C3,0.52,25.32,89,88,1.0308352578933253
4,C3,0.53,25.805,82,78,0.9914944399886314
4,C3,0.54,26.29,78,75,1.0023014986721221
4,C4,0.14,6.89,4072,3938,1.0106195966027827
4,C4,0.15,7.375,3861,3755,1.0178304790543267
4,C4,0.16,7.86,3630,3566,1.0306386987116627
4,C4,0.17,8.345,3403,3358,1.0359232712085844
4,C4,0.18,8.83,3181,3132,1.032508075368868
4,C4,0.19,9.315,2924,2888,1.0358325297744868
4,C4,0.2,9.8,2654,2622,1.0354598693472625
4,C4,0.21,10.285,2473,2457,1.0418877863223701
4,C4,0.22,10.77,2227,2174,1.0202480197480976
4,C4,0.23,11.255,2025,2000,1.0335933187086226
4,C4,0.24,11.74,1831,1835,1.0502598745266536
4,C4,0.25,12.225,1660,1680,1.0611827253567654
4,C4,0.26,12.71,1483,1532,1.0847035634628353
4,C4,0.27,13.195,1371,1420,1.08715225861505
4,C4,0.28,13.68,1208,1288,1.1208673616506515
4,C4,0.29,14.165,1082,1159,1.125387403398163
4,C4,0.3,14.65,954,1035,1.1396640839508951
4,C4,0.31,15.135,856,926,1.1352276560473478
4,C4,0.32,15.62,740,841,1.1945907034498024
4,C4,0.33,16.105,671,773,1.210728126504935
4,C4,0.34,16.59,616,709,1.2087418213132044
4,C4,0.35,17.075,534,615,1.2082744509945387
4,C4,0.36,17.56,471,460,1.0185565736046298
4,C4,0.37,18.045,416,414,1.0383348705172126
4,C4,0.38,18.53,375,373,1.0376766070245196
4,C4,0.39,19.015,327,341,1.0888503592058638
4,C4,0.4,19.5,286,277,1.0097443009066034
4,C4,0.41,19.985,258,255,1.0307378636320608
4,C4,0.42,20.47,226,228,1.0523317747664738
4,C4,0.43,20.955,206,213,1.0788228752580078
4,C4,0.44,21.44,176,196,1.1627724116355591
4,C4,0.45,21.925,159,188,1.2351875222845319
4,C4,0.46,22.41,145,169,1.2171432198011425
4,C4,0.47,22.895,137,159,1.2118175674768514
4,C4,0.48,23.38,121,149,1.2861843704423919
4,C4,0.49,23.865,112,138,1.2867672787074538
4,C4,0.5,24.35,103,123,1.2466290259545103
4,C4,0.51,24.835,97,117,1.2591479714326064
4,C4,0.52,25.32,89,110,1.2902769392651263
4,C4,0.53,25.805,82,93,1.1832492821142182
4,C4,0.54,26.29,78,92,1.2307660994233627
4,C5,0.14,6.89,2534,2370,0.9707039514745011
4,C5,0.15,7.375,2571,2419,0.9774427331403791
4,C5,0.16,7.86,2573,2416,0.975129824024972
4,C5,0.17,8.345,2522,2353,0.9679536710554376
4,C5,0.18,8.83,2446,2289,0.9715170388429571
4,C5,0.19,9.315,2326,2186,0.9765268212654299
4,C5,0.2,9.8,2169,2046,0.9808979414602982
4,C5,0.21,10.285,2061,1946,0.9821051471401602
4,C5,0.22,10.77,1898,1778,0.9736318781582725
4,C5,0.23,11.255,1746,1636,0.9741427449352311
4,C5,0.24,11.74,1605,1485,0.9609240510750408
4,C5,0.25,12.225,1480,1356,0.9510146088654657
4,C5,0.26,12.71,1346,1261,0.9746122221588231
4,C5,0.27,13.195,1252,1171,0.9730262407706827
4,C5,0.28,13.68,1114,1037,0.9683392968329001
4,C5,0.29,14.165,1002,956,0.994191594893112
4,C5,0.3,14.65,888,863,1.0137571972202883
4,C5,0.31,15.135,808,794,1.0255535553555355
4,C5,0.32,15.62,708,677,0.9966019231649866
4,C5,0.33,16.105,646,629,1.015545255183413
4,C5,0.34,16.59,594,572,1.0039117560033455
4,C5,0.35,17.075,518,505,1.0167356523219715
4,C5,0.36,17.56,457,445,1.0154284437676089
4,C5,0.37,18.045,405,395,1.017053842029994
4,C5,0.38,18.53,367,368,1.046256541007235
4,C5,0.39,19.015,321,324,1.0531705947560512
4,C5,0.4,19.5,281,284,1.0544502675360627
4,C5,0.41,19.985,254,257,1.055561302894133
4,C5,0.42,20.47,222,230,1.0810783072006054
4,C5,0.43,20.955,203,213,1.0949597087002054
4,C5,0.44,21.44,174,190,1.1398473316938191
4,C5,0.45,21.925,158,176,1.162875724373362
4,C5,0.46,22.41,144,164,1.189040512453576
4,C5,0.47,22.895,137,152,1.1579701256447867
4,C5,0.48,23.38,121,130,1.120869349257645
4,C5,0.49,23.865,112,112,1.0426728617717185
4,C5,0.5,24.35,103,106,1.073214551655434
4,C5,0.51,24.835,97,102,1.096712708939726
4,C5,0.52,25.32,89,96,1.1250970184539222
4,C5,0.53,25.805,82,82,1.0425947397327149
4,C5,0.54,26.29,78,76,1.0157274759239012
5,C0,0.14,6.89,10603,10219,1.0122043346222767
5,C0,0.15,7.375,11278,10844,1.006645244428681
5,C0,0.16,7.86,11907,11455,1.009239301702943
5,C0,0.17,8.345,12462,12059,1.032391895398292
5,C0,0.18,8.83,12952,12538,1.0379727806201133
5,C0,0.19,9.315,13420,12977,1.0376030671767533
5,C0,0.2,9.8,13856,13386,1.0375250760521642
5,C0,0.21,10.285,14144,13647,1.0335847231753739
5,C0,0.22,10.77,14515,13972,1.022342732739846
5,C0,0.23,11.255,14804,14247,1.0234438365479348
5,C0,0.24,11.74,15056,14516,1.0421334680616159
5,C0,0.25,12.225,15279,14710,1.0333653435897125
5,C0,0.26,12.71,15509,14911,1.02315173987757
5,C0,0.27,13.195,15654,15061,1.0338671879537034
5,C0,0.28,13.68,15846,15239,1.0328435069659292
5,C0,0.29,14.165,15997,15403,1.0568063829041117
5,C0,0.3,14.65,16143,15541,1.0622988078530888
5,C0,0.31,15.135,16257,15624,1.0349908441807316
5,C0,0.32,15.62,16386,15730,1.0145240986769293
5,C0,0.33,16.105,16464,15796,1.0021945309645828
5,C0,0.34,16.59,16530,15852,0.9900690361123285
5,C0,0.35,17.075,16614,15920,0.9652096252573432
5,C0,0.36,17.56,16682,15991,0.9726158628622336
5,C0,0.37,18.045,16740,16052,0.9818960602127618
5,C0,0.38,18.53,16782,16095,0.9872710256787735
5,C0,0.39,19.015,16832,16147,0.9980333600004723
5,C0,0.4,19.5,16873,16181,0.9789666429601533
5,C0,0.41,19.985,16901,16207,0.9735776057336144
5,C0,0.42,20.47,16935,16236,0.9546098374116636
5,C0,0.43,20.955,16957,16262,0.9729127298118941
5,C0,0.44,21.44,16987,16290,0.9643259896739965
5,C0,0.45,21.925,17004,16307,0.9649294574116184
5,C0,0.46,22.41,17018,16317,0.9398844721687871
5,C0,0.47,22.895,17027,16326,0.9387147767367419
5,C0,0.48,23.38,17043,16345,0.959044769113419
5,C0,0.49,23.865,17052,16350,0.9266021679607804
5,C0,0.5,24.35,17062,16358,0.9069150031522555
5,C0,0.51,24.835,17068,16364,0.9039673239813855
5,C0,0.52,25.32,17077,16372,0.889530682433538
5,C0,0.53,25.805,17084,16378,0.8743956815836936
5,C0,0.54,26.29,17088,16385,0.9017850176119138
5,C1,0.14,6.89,6564,6250,0.9879428152944721
5,C1,0.15,7.375,5889,5625,0.9933986233328379
5,C1,0.16,7.86,5260,5014,0.9908452815032538
5,C1,0.17,8.345,4705,4410,0.9686244191351431
5,C1,0.18,8.83,4215,3931,0.9634164003824577
5,C1,0.19,9.315,3747,3492,0.9637596800103255
5,C1,0.2,9.8,3311,3083,0.9638321261641705
5,C1,0.21,10.285,3023,2822,0.9675065600116505
5,C1,0.22,10.77,2652,2497,0.9781455552777608
5,C1,0.23,11.255,2363,2222,0.9770931870311413
5,C1,0.24,11.74,2111,1953,0.9595699885351683
5,C1,0.25,12.225,1888,1759,0.9677119580246345
5,C1,0.26,12.71,1658,1558,0.977372134576695
5,C1,0.27,13.195,1513,1408,0.9672422257439707
5,C1,0.28,13.68,1321,1230,0.968200887409933
5,C1,0.29,14.165,1170,1066,0.9462471235762153
5,C1,0.3,14.65,1024,928,0.9413547229907985
5,C1,0.31,15.135,910,845,0.9661921220100944
5,C1,0.32,15.62,781,739,0.9856838307775335
5,C1,0.33,16.105,703,673,0.9978102744559276
5,C1,0.34,16.59,637,617,1.010030577187493
5,C1,0.35,17.075,553,549,1.0360443719501666
5,C1,0.36,17.56,485,478,1.0281551413907437
5,C1,0.37,18.045,427,417,1.018437735439447
5,C1,0.38,18.53,385,374,1.0128930901344695
5,C1,0.39,19.015,335,322,1.0019705152937242
5,C1,0.4,19.5,294,288,1.021485264274426
5,C1,0.41,19.985,266,262,1.0271394844240236
5,C1,0.42,20.47,232,233,1.0475483918240436
5,C1,0.43,20.955,210,207,1.0278414182054572
5,C1,0.44,21.44,180,179,1.0369937248482368
5,C1,0.45,21.925,163,162,1.036345188053909
5,C1,0.46,22.41,149,152,1.063960550058345
5,C1,0.47,22.895,140,143,1.0652863093050524
5,C1,0.48,23.38,124,124,1.0427041908840624
5,C1,0.49,23.865,115,119,1.0792118069405663
5,C1,0.5,24.35,105,111,1.102639163013292
5,C1,0.51,24.835,99,105,1.1062346762664532
5,C1,0.52,25.32,90,97,1.1241883160952302
5,C1,0.53,25.805,83,91,1.1436470022230822
5,C1,0.54,26.29,79,84,1.1089117477779535
5,C2,0.14,6.89,4032,4009,1.0481599650628042
5,C2,0.15,7.375,3848,3789,1.034289003423467
5,C2,0.16,7.86,3629,3598,1.0428369487681126
5,C2,0.17,8.345,3406,3309,1.0158889328147895
5,C2,0.18,8.83,3138,3040,1.0120540001208347
5,C2,0.19,9.315,2877,2786,1.0113282807995359
5,C2,0.2,9.8,2627,2538,1.0083554716913696
5,C2,0.21,10.285,2449,2368,1.0092338278572401
5,C2,0.22,10.77,2200,2106,0.9975284348040736
5,C2,0.23,11.255,2010,1931,1.0016011221920387
5,C2,0.24,11.74,1833,1766,1.004795626249346
5,C2,0.25,12.225,1664,1579,0.9879838769566566
5,C2,0.26,12.71,1485,1396,0.9780492288818434
5,C2,0.27,13.195,1370,1284,0.974999242914036
5,C2,0.28,13.68,1210,1114,0.9567561108853551
5,C2,0.29,14.165,1090,1014,0.9677149700669894
5,C2,0.3,14.65,958,888,0.9642915284514262
5,C2,0.31,15.135,856,809,0.9843818258316324
5,C2,0.32,15.62,738,698,0.985260243192756
5,C2,0.33,16.105,671,634,0.9842996211395741
5,C2,0.34,16.59,610,572,0.976635863865437
5,C2,0.35,17.075,534,500,0.9752626988197872
5,C2,0.36,17.56,472,438,0.9664022249264931
5,C2,0.37,18.045,419,401,0.9975426632515865
5,C2,0.38,18.53,380,357,0.9788322205090682
5,C2,0.39,19.015,331,312,0.9822109971882774
5,C2,0.4,19.5,291,275,0.9848159791055785
5,C2,0.41,19.985,264,250,0.9869060230519013
5,C2,0.42,20.47,231,211,0.9515118497773192
5,C2,0.43,20.955,210,188,0.9324090891807864
5,C2,0.44,21.44,180,162,0.9375298951370578
5,C2,0.45,21.925,163,143,0.9137338988056989
5,C2,0.46,22.41,149,134,0.9369316512696623
5,C2,0.47,22.895,140,121,0.9001830717606347
5,C2,0.48,23.38,124,101,0.8481059620660297
5,C2,0.49,23.865,115,94,0.851185131098573
5,C2,0.5,24.35,105,85,0.8430233909970238
5,C2,0.51,24.835,99,79,0.8309895785185596
5,C2,0.52,25.32,90,67,0.7750809521874026
5,C2,0.53,25.805,83,58,0.72745212768691
5,C2,0.54,26.29,79,53,0.6983492486490488
5,C3,0.14,6.89,4033,3854,0.9949316474401291
5,C3,0.15,7.375,3849,3708,1.0054167501661184
5,C3,0.16,7.86,3630,3484,1.0005804111758534
5,C3,0.17,8.345,3406,3199,0.9739769262186815
5,C3,0.18,8.83,3138,2936,0.9699196219217598
5,C3,0.19,9.315,2877,2686,0.9679537776193393
5,C3,0.2,9.8,2627,2416,0.9515513230122811
5,C3,0.21,10.285,2449,2228,0.9402313192927592
5,C3,0.22,10.77,2200,2027,0.9548573290025305
5,C3,0.23,11.255,2010,1851,0.9548511036281175
5,C3,0.24,11.74,1833,1670,0.9440110869908456
5,C3,0.25,12.225,1664,1527,0.9521222846931212
5,C3,0.26,12.71,1485,1371,0.9589435218525163
5,C3,0.27,13.195,1370,1254,0.950341360211662
5,C3,0.28,13.68,1210,1108,0.9512313301744624
5,C3,0.29,14.165,1090,979,0.9322014794984631
5,C3,0.3,14.65,958,853,0.9242084693392998
5,C3,0.31,15.135,856,779,0.9460657868872966
5,C3,0.32,15.62,738,685,0.9661137586413878
5,C3,0.33,16.105,671,637,0.9891445874679665
5,C3,0.34,16.59,610,591,1.0102840511358122
5,C3,0.35,17.075,534,529,1.0337051630881724
5,C3,0.36,17.56,472,470,1.0390810972295939
5,C3,0.37,18.045,419,413,1.0281621722539134
5,C3,0.38,18.53,380,371,1.0181024448934488
5,C3,0.39,19.015,331,320,1.0078949450912098
5,C3,0.4,19.5,291,287,1.028551939896733
5,C3,0.41,19.985,264,262,1.0350433127473913
5,C3,0.42,20.47,231,233,1.0521453581320543
5,C3,0.43,20.955,210,207,1.0278414182054572
5,C3,0.44,21.44,180,179,1.0369937248482368
5,C3,0.45,21.925,163,162,1.036345188053909
5,C3,0.46,22.41,149,152,1.063960550058345
5,C3,0.47,22.895,140,143,1.0652863093050524
5,C3,0.48,23.38,124,124,1.0427041908840624
5,C3,0.49,23.865,115,119,1.0792118069405663
5,C3,0.5,24.35,105,111,1.102639163013292
5,C3,0.51,24.835,99,105,1.1062346762664532
5,C3,0.52,25.32,90,97,1.1241883160952302
5,C3,0.53,25.805,83,91,1.1436470022230822
5,C3,0.54,26.29,79,84,1.1089117477779535
5,C4,0.14,6.89,4033,3806,0.9788157908108613
5,C4,0.15,7.375,3849,3592,0.9651898179334246
5,C4,0.16,7.86,3630,3383,0.9640751434986773
5,C4,0.17,8.345,3406,3191,0.9709558687932489
5,C4,0.18,8.83,3138,2938,0.9707237903623711
5,C4,0.19,9.315,2877,2683,0.9666622645038281
5,C4,0.2,9.8,2627,2446,0.9654279155993142
5,C4,0.21,10.285,2449,2260,0.9558834411594673
5,C4,0.22,10.77,2200,2042,0.9629234957182556
5,C4,0.23,11.255,2010,1878,0.9705719227861788
5,C4,0.24,11.74,1833,1705,0.966080554830072
5,C4,0.25,12.225,1664,1544,0.9638187733539493
5,C4,0.26,12.71,1485,1389,0.9726932454518661
5,C4,0.27,13.195,1370,1281,0.9725290711645191
5,C4,0.28,13.68,1210,1149,0.9890702479338843
5,C4,0.29,14.165,1090,1027,0.9809466972595886
5,C4,0.3,14.65,958,905,0.9838254893660172
5,C4,0.31,15.135,856,813,0.9895017257723293
5,C4,0.32,15.62,738,716,1.0118229297572603
5,C4,0.33,16.105,671,654,1.0166341166232327
5,C4,0.34,16.59,610,596,1.0191522257096026
5,C4,0.35,17.075,534,514,1.0034497774053195
5,C4,0.36,17.56,472,472,1.043633181221479
5,C4,0.37,18.045,419,403,1.0026427383225578
5,C4,0.38,18.53,380,366,1.0040695261098782
5,C4,0.39,19.015,331,310,0.9757939838414667
5,C4,0.4,19.5,291,271,0.9702517259565795
5,C4,0.41,19.985,264,246,0.970876085019585
5,C4,0.42,20.47,231,205,0.9241135975026777
5,C4,0.43,20.955,210,181,0.8973059336701282
5,C4,0.44,21.44,180,151,0.8732813797987227
5,C4,0.45,21.925,163,143,0.9137338988056989
5,C4,0.46,22.41,149,132,0.9228346081464524
5,C4,0.47,22.895,140,128,0.9526676982524237
5,C4,0.48,23.38,124,114,0.9580290135205767
5,C4,0.49,23.865,115,106,0.9605509779486593
5,C4,0.5,24.35,105,98,0.9727281982367194
5,C4,0.51,24.835,99,91,0.9579171862722968
5,C4,0.52,25.32,90,86,0.9960338291046953
5,C4,0.53,25.805,83,81,1.0173503386256768
5,C4,0.54,26.29,79,77,1.0160683507237245
5,C5,0.14,6.89,2473,2466,1.0463763195102984
5,C5,0.15,7.375,2519,2510,1.0456096386852427
5,C5,0.16,7.86,2509,2512,1.0514814433319122
5,C5,0.17,8.345,2437,2436,1.049237916569306
5,C5,0.18,8.83,2363,2351,1.0432654051754222
5,C5,0.19,9.315,2245,2219,1.035030453639667
5,C5,0.2,9.8,2134,2130,1.0464343350754357
5,C5,0.21,10.285,2012,1986,1.0328771690783285
5,C5,0.22,10.77,1856,1790,1.005963319050673
5,C5,0.23,11.255,1714,1648,1.0024937809001497
5,C5,0.24,11.74,1584,1487,0.9764209054232083
5,C5,0.25,12.225,1466,1385,0.983391823433158
5,C5,0.26,12.71,1333,1256,0.9806979451429609
5,C5,0.27,13.195,1237,1127,0.9459931982488826
5,C5,0.28,13.68,1112,1036,0.9692033841338774
5,C5,0.29,14.165,1011,950,0.9782335669833009
5,C5,0.3,14.65,895,843,0.980838839722079
5,C5,0.31,15.135,806,762,0.9847739016016157
5,C5,0.32,15.62,699,637,0.9479104994430071
5,C5,0.33,16.105,636,561,0.9166199159317017
5,C5,0.34,16.59,582,494,0.8812082882941021
5,C5,0.35,17.075,511,438,0.8905602537939884
5,C5,0.36,17.56,453,373,0.8550136817066695
5,C5,0.37,18.045,404,338,0.8694123178358378
5,C5,0.38,18.53,367,314,0.8897457110401028
5,C5,0.39,19.015,324,275,0.8827810406841735
5,C5,0.4,19.5,286,248,0.9024147666648129
5,C5,0.41,19.985,259,223,0.8960884698912521
5,C5,0.42,20.47,226,196,0.9028571677174145
5,C5,0.43,20.955,207,179,0.900300412511158
5,C5,0.44,21.44,178,148,0.8654914155540977
5,C5,0.45,21.925,162,142,0.9129428115361437
5,C5,0.46,22.41,148,135,0.9504155649466045
5,C5,0.47,22.895,139,129,0.9671336614918592
5,C5,0.48,23.38,123,108,0.914703466452793
5,C5,0.49,23.865,114,101,0.9230425005573563
5,C5,0.5,24.35,104,93,0.9317452134455677
5,C5,0.51,24.835,98,87,0.924984241041063
5,C5,0.52,25.32,89,80,0.9366655217496526
5,C5,0.53,25.805,82,72,0.9148907370027533
5,C5,0.54,26.29,78,68,0.9083654999147956
6,C0,0.14,6.89,10603,10093,0.9799677324343351
6,C0,0.15,7.375,11278,10675,0.9620526869710018
6,C0,0.16,7.86,11907,11275,0.9589544874458481
6,C0,0.17,8.345,12462,11795,0.9527547398348574
6,C0,0.18,8.83,12952,12254,0.9461087090796788
6,C0,0.19,9.315,13420,12700,0.9408248085507349
6,C0,0.2,9.8,13856,13143,0.9442642968688157
6,C0,0.21,10.285,14144,13410,0.9369473784056837
6,C0,0.22,10.77,14515,13776,0.9346376253409057
6,C0,0.23,11.255,14804,14056,0.9297989936300411
6,C0,0.24,11.74,15056,14312,0.9303124000794191
6,C0,0.25,12.225,15279,14554,0.9391190522939982
6,C0,0.26,12.71,15509,14786,0.9392199656979501
6,C0,0.27,13.195,15654,14935,0.9410083255751122
6,C0,0.28,13.68,15846,15127,0.9396875158121208
6,C0,0.29,14.165,15997,15272,0.9331448894788075
6,C0,0.3,14.65,16143,15435,0.9468949599511426
6,C0,0.31,15.135,16257,15550,0.9471436862587292
6,C0,0.32,15.62,16386,15667,0.9310854896202676
6,C0,0.33,16.105,16464,15758,0.9463492951932632
6,C0,0.34,16.59,16530,15845,0.9785301976204881
6,C0,0.35,17.075,16614,15925,0.9743869672282058
6,C0,0.36,17.56,16682,15994,0.9789423204336222
6,C0,0.37,18.045,16740,16038,0.9491729660953521
6,C0,0.38,18.53,16782,16082,0.9533362465075014
6,C0,0.39,19.015,16832,16131,0.9498470439512229
6,C0,0.4,19.5,16873,16196,1.0337133973713124
6,C0,0.41,19.985,16901,16225,1.0465599571661781
6,C0,0.42,20.47,16935,16262,1.0762332247910096
6,C0,0.43,20.955,16957,16289,1.1207072791963988
6,C0,0.44,21.44,16987,16315,1.1225926013704903
6,C0,0.45,21.925,17004,16333,1.1512338792256493
6,C0,0.46,22.41,17018,16340,1.1090218200336899
6,C0,0.47,22.895,17027,16355,1.179602262248091
6,C0,0.48,23.38,17043,16370,1.2030650932252764
6,C0,0.49,23.865,17052,16378,1.2137856279305963
6,C0,0.5,24.35,17062,16388,1.245088717835172
6,C0,0.51,24.835,17068,16390,1.2033845259320128
6,C0,0.52,25.32,17077,16395,1.1676444846790928
6,C0,0.53,25.805,17084,16403,1.2074464499833266
6,C0,0.54,26.29,17088,16405,1.1850375629096443
6,C1,0.14,6.89,6564,6376,1.0204417624199758
6,C1,0.15,7.375,5889,5794,1.039444111058485
6,C1,0.16,7.86,5260,5194,1.0428023572458331
6,C1,0.17,8.345,4705,4674,1.0495880610085777
6,C1,0.18,8.83,4215,4215,1.0569609923290355
6,C1,0.19,9.315,3747,3769,1.06289714186047
6,C1,0.2,9.8,3311,3326,1.0590255326988471
6,C1,0.21,10.285,3023,3059,1.067295798085915
6,C1,0.22,10.77,2652,2693,1.06993338689447
6,C1,0.23,11.255,2363,2413,1.0755012716198864
6,C1,0.24,11.74,2111,2157,1.0749077405768555
6,C1,0.25,12.225,1888,1915,1.0648277207850134
6,C1,0.26,12.71,1658,1683,1.0647133116009553
6,C1,0.27,13.195,1513,1534,1.0626898538743896
6,C1,0.28,13.68,1321,1342,1.0641835537590965
6,C1,0.29,14.165,1170,1197,1.0716449409678848
6,C1,0.3,14.65,1024,1034,1.0560833485179786
6,C1,0.31,15.135,910,919,1.0558060139217695
6,C1,0.32,15.62,781,802,1.0740152339908533
6,C1,0.33,16.105,703,711,1.0566922859025116
6,C1,0.34,16.59,637,624,1.0219408684900277
6,C1,0.35,17.075,553,544,1.0262863047569841
6,C1,0.36,17.56,485,475,1.0215106438110166
6,C1,0.37,18.045,427,431,1.0535487584667913
6,C1,0.38,18.53,385,387,1.0489478436002502
6,C1,0.39,19.015,335,338,1.0528010866256405
6,C1,0.4,19.5,294,273,0.9673861270860531
6,C1,0.41,19.985,266,244,0.9555114288031326
6,C1,0.42,20.47,232,207,0.9291666313258325
6,C1,0.43,20.955,210,180,0.8922936600510423
6,C1,0.44,21.44,180,154,0.89079511015766
6,C1,0.45,21.925,163,136,0.8686332273965275
6,C1,0.46,22.41,149,129,0.9016955139526669
6,C1,0.47,22.895,140,114,0.8477433724942133
6,C1,0.48,23.38,124,99,0.8312102193233097
6,C1,0.49,23.865,115,91,0.8238687104121647
6,C1,0.5,24.35,105,81,0.8031556190941107
6,C1,0.51,24.835,99,79,0.8309895785185596
6,C1,0.52,25.32,90,74,0.8564250618413473
6,C1,0.53,25.805,83,66,0.8281940785148765
6,C1,0.54,26.29,79,64,0.8438551074656924
6,C2,0.14,6.89,4044,3873,0.9977846695244026
6,C2,0.15,7.375,3868,3721,1.0035756972564018
6,C2,0.16,7.86,3644,3468,0.989912960338861
6,C2,0.17,8.345,3432,3239,0.9797888399078875
6,C2,0.18,8.83,3208,3027,0.9798700364473433
6,C2,0.19,9.315,2945,2825,0.9998897504777065
6,C2,0.2,9.8,2683,2559,0.9931412013709344
6,C2,0.21,10.285,2504,2412,1.0047850592782785
6,C2,0.22,10.77,2253,2208,1.0249012816139964
6,C2,0.23,11.255,2054,2060,1.0519222034967732
6,C2,0.24,11.74,1864,1839,1.0319723787619655
6,C2,0.25,12.225,1710,1643,1.0017115104411958
6,C2,0.26,12.71,1520,1462,1.0028615593424823
6,C2,0.27,13.195,1394,1346,1.0070676312676985
6,C2,0.28,13.68,1232,1205,1.021080657909962
6,C2,0.29,14.165,1098,1073,1.0199487033511414
6,C2,0.3,14.65,971,956,1.027899460158428
6,C2,0.31,15.135,867,764,0.9145846851203729
6,C2,0.32,15.62,752,677,0.9357817687113323
6,C2,0.33,16.105,678,613,0.9402242788339897
6,C2,0.34,16.59,616,560,0.9457768330104743
6,C2,0.35,17.075,537,493,0.9556455260171448
6,C2,0.36,17.56,471,424,0.9367369771456209
6,C2,0.37,18.045,416,366,0.9152119886882043
6,C2,0.38,18.53,376,323,0.8933595633988788
6,C2,0.39,19.015,329,287,0.9077041209434176
6,C2,0.4,19.5,289,245,0.8819242542126492
6,C2,0.41,19.985,263,229,0.9063233999513008
6,C2,0.42,20.47,229,203,0.9230854725773534
6,C2,0.43,20.955,207,184,0.9257326101047316
6,C2,0.44,21.44,178,157,0.9186292162384073
6,C2,0.45,21.925,161,144,0.9317203922650358
6,C2,0.46,22.41,148,135,0.9504155649466045
6,C2,0.47,22.895,139,127,0.9520228144983707
6,C2,0.48,23.38,124,113,0.9495671904953493
6,C2,0.49,23.865,115,108,0.9787942163628778
6,C2,0.5,24.35,105,100,0.9927010696758389
6,C2,0.51,24.835,99,99,1.0426389737324375
6,C2,0.52,25.32,90,91,1.0542645282967666
6,C2,0.53,25.805,83,89,1.1183753328331643
6,C2,0.54,26.29,79,87,1.1487260639571992
6,C3,0.14,6.89,4045,3887,1.0021814670790516
6,C3,0.15,7.375,3869,3766,1.0189705128236692
6,C3,0.16,7.86,3645,3532,1.0128159118267879
6,C3,0.17,8.345,3433,3354,1.023099807557315
6,C3,0.18,8.83,3209,3181,1.0412560230492618
6,C3,0.19,9.315,2946,2938,1.0481399906267388
6,C3,0.2,9.8,2684,2693,1.0548464326390656
6,C3,0.21,10.285,2505,2543,1.0688221718275355
6,C3,0.22,10.77,2254,2295,1.0712759806531797
6,C3,0.23,11.255,2055,2118,1.0853102634827452
6,C3,0.24,11.74,1865,1923,1.0846885668060908
6,C3,0.25,12.225,1711,1753,1.076066810394472
6,C3,0.26,12.71,1520,1552,1.0710203476782054
6,C3,0.27,13.195,1394,1427,1.0734205821022993
6,C3,0.28,13.68,1232,1263,1.0743102624391259
6,C3,0.29,14.165,1098,1130,1.078121996016915
6,C3,0.3,14.65,971,977,1.0519028059530677
6,C3,0.31,15.135,867,870,1.0485544832414286
6,C3,0.32,15.62,752,766,1.064802802283342
6,C3,0.33,16.105,678,681,1.0490220532677443
6,C3,0.34,16.59,616,604,1.0229169821669035
6,C3,0.35,17.075,537,528,1.0257377150869529
6,C3,0.36,17.56,471,462,1.0231128976614132
6,C3,0.37,18.045,416,419,1.0512025221663073
6,C3,0.38,18.53,376,378,1.049053124714886
6,C3,0.39,19.015,329,330,1.0464823924225164
6,C3,0.4,19.5,289,265,0.9550954568012169
6,C3,0.41,19.985,263,242,0.9585413786017343
6,C3,0.42,20.47,229,205,0.9322945418069108
6,C3,0.43,20.955,207,178,0.8952158463358298
6,C3,0.44,21.44,178,153,0.8950051786211095
6,C3,0.45,21.925,161,135,0.8730065777515483
6,C3,0.46,22.41,148,129,0.9078413940256045
6,C3,0.47,22.895,139,114,0.8538923920478414
6,C3,0.48,23.38,124,99,0.8312102193233097
6,C3,0.49,23.865,115,91,0.8238687104121647
6,C3,0.5,24.35,105,81,0.8031556190941107
6,C3,0.51,24.835,99,79,0.8309895785185596
6,C3,0.52,25.32,90,74,0.8564250618413473
6,C3,0.53,25.805,83,66,0.8281940785148765
6,C3,0.54,26.29,79,64,0.8438551074656924
6,C4,0.14,6.89,4045,3891,1.0035318205252133
6,C4,0.15,7.375,3869,3708,0.9987173984510224
6,C4,0.16,7.86,3645,3481,0.9942718465879447
6,C4,0.17,8.345,3433,3304,1.0040201175140548
6,C4,0.18,8.83,3209,3071,0.9969957795685007
6,C4,0.19,9.315,2946,2724,0.9566647082923693
6,C4,0.2,9.8,2684,2468,0.9511787054597228
6,C4,0.21,10.285,2505,2328,0.9635812456834439
6,C4,0.22,10.77,2254,2108,0.971173962904932
6,C4,0.23,11.255,2055,1925,0.9733230013998966
6,C4,0.24,11.74,1865,1689,0.937615065645554
6,C4,0.25,12.225,1711,1534,0.9278274823083938
6,C4,0.26,12.71,1520,1358,0.9251114559278879
6,C4,0.27,13.195,1394,1246,0.9261243958892904
6,C4,0.28,13.68,1232,1105,0.9302492734745078
6,C4,0.29,14.165,1098,978,0.9239445572662851
6,C4,0.3,14.65,971,870,0.9302743204445029
6,C4,0.31,15.135,867,775,0.9284030556127578
6,C4,0.32,15.62,752,661,0.9127410407604015
6,C4,0.33,16.105,678,592,0.9068133102131187
6,C4,0.34,16.59,616,536,0.9038799648854252
6,C4,0.35,17.075,537,451,0.8719392266567895
6,C4,0.36,17.56,471,396,0.8733529069797394
6,C4,0.37,18.045,416,346,0.8641271547097077
6,C4,0.38,18.53,376,302,0.8341923855924006
6,C4,0.39,19.015,329,260,0.8209405971878357
6,C4,0.4,19.5,289,235,0.8454062621359845
6,C4,0.41,19.985,263,216,0.8541889546451676
6,C4,0.42,20.47,229,178,0.8081628911293749
6,C4,0.43,20.955,207,166,0.8342497053830524
6,C4,0.44,21.44,178,136,0.7947321098733727
6,C4,0.45,21.925,161,124,0.8013330571964379
6,C4,0.46,22.41,148,118,0.8298698980308667
6,C4,0.47,22.895,139,114,0.8538923920478414
6,C4,0.48,23.38,124,104,0.8734573194169304
6,C4,0.49,23.865,115,96,0.8694016394966262
6,C4,0.5,24.35,105,88,0.8729369972761707
6,C4,0.51,24.835,99,83,0.8732781248343313
6,C4,0.52,25.32,90,78,0.90293860451874
6,C4,0.53,25.805,83,67,0.8407937321778273
6,C4,0.54,26.29,79,66,0.870331685235103
6,C5,0.14,6.89,2475,2315,0.9709067501352368
6,C5,0.15,7.375,2513,2323,0.9575892338491055
6,C5,0.16,7.86,2486,2330,0.9731767862545283
6,C5,0.17,8.345,2455,2321,0.9831059149508801
6,C5,0.18,8.83,2386,2305,1.0081342958181407
6,C5,0.19,9.315,2264,2138,0.9820384311062553
6,C5,0.2,9.8,2133,2007,0.9781437983552999
6,C5,0.21,10.285,2032,1911,0.977727191965237
6,C5,0.22,10.77,1882,1766,0.9755073949860804
6,C5,0.23,11.255,1750,1610,0.9545487583282859
6,C5,0.24,11.74,1628,1509,0.9627783425744656
6,C5,0.25,12.225,1520,1439,0.9855741587001435
6,C5,0.26,12.71,1379,1318,0.9959486874910527
6,C5,0.27,13.195,1280,1237,1.0079632414489235
6,C5,0.28,13.68,1141,1093,0.9984269280192175
6,C5,0.29,14.165,1020,997,1.0200944273779833
6,C5,0.3,14.65,915,902,1.0291705060550884
6,C5,0.31,15.135,829,824,1.0379967778758268
6,C5,0.32,15.62,723,717,1.035267602190804
6,C5,0.33,16.105,653,652,1.0424676339770893
6,C5,0.34,16.59,595,592,1.0385112866082378
6,C5,0.35,17.075,522,520,1.0396404823901089
6,C5,0.36,17.56,458,461,1.0506276610602996
6,C5,0.37,18.045,406,390,1.0013351564335822
6,C5,0.38,18.53,367,358,1.017193898527873
6,C5,0.39,19.015,323,306,0.9872841480053532
6,C5,0.4,19.5,283,276,1.0168822675417704
6,C5,0.41,19.985,258,260,1.051272596667274
6,C5,0.42,20.47,225,228,1.057071198407323
6,C5,0.43,20.955,205,209,1.063528035280353
6,C5,0.44,21.44,177,177,1.042843113184385
6,C5,0.45,21.925,160,160,1.0427984548408853
6,C5,0.46,22.41,147,147,1.0427643671118736
6,C5,0.47,22.895,138,137,1.035121323124869
6,C5,0.48,23.38,123,122,1.0341610628438822
6,C5,0.49,23.865,114,117,1.0703133046657742
6,C5,0.5,24.35,104,109,1.0931134803460598
6,C5,0.51,24.835,98,101,1.0747507580744908
6,C5,0.52,25.32,89,96,1.1250970184539222
6,C5,0.53,25.805,82,88,1.119291981638454
6,C5,0.54,26.29,78,87,1.163521407172976
7,C0,0.14,6.89,10603,10160,0.9969491134876056
7,C0,0.15,7.375,11278,10817,0.9993420009796802
7,C0,0.16,7.86,11907,11401,0.9937788049437866
7,C0,0.17,8.345,12462,11892,0.980947735474593
7,C0,0.18,8.83,12952,12408,0.9943277008328366
7,C0,0.19,9.315,13420,12916,1.014995241317029
7,C0,0.2,9.8,13856,13343,1.019966289771107
7,C0,0.21,10.285,14144,13618,1.0208971984903288
7,C0,0.22,10.77,14515,13989,1.0306031580234019
7,C0,0.23,11.255,14804,14272,1.0369060902852345
7,C0,0.24,11.74,15056,14503,1.0343153278962338
7,C0,0.25,12.225,15279,14728,1.0453267482531219
7,C0,0.26,12.71,15509,14943,1.046848880796142
7,C0,0.27,13.195,15654,15081,1.050157098626678
7,C0,0.28,13.68,15846,15255,1.0475546554865705
7,C0,0.29,14.165,15997,15390,1.0431925865617875
7,C0,0.3,14.65,16143,15504,1.0191360313056976
7,C0,0.31,15.135,16257,15595,0.9987917192227984
7,C0,0.32,15.62,16386,15706,0.9811132445480182
7,C0,0.33,16.105,16464,15781,0.9794134171525753
7,C0,0.34,16.59,16530,15841,0.9720520690040497
7,C0,0.35,17.075,16614,15918,0.9615853246895397
7,C0,0.36,17.56,16682,15980,0.9500829788741597
7,C0,0.37,18.045,16740,16044,0.962933164663715
7,C0,0.38,18.53,16782,16090,0.9739436869947037
7,C0,0.39,19.015,16832,16139,0.9733561254176749
7,C0,0.4,19.5,16873,16182,0.9824383883618366
7,C0,0.41,19.985,16901,16212,0.9928250049441046
7,C0,0.42,20.47,16935,16239,0.9672399584087494
7,C0,0.43,20.955,16957,16259,0.9588370584419413
7,C0,0.44,21.44,16987,16283,0.9276353644247878
7,C0,0.45,21.925,17004,16306,0.9589508350976241
7,C0,0.46,22.41,17018,16327,1.006690099463865
7,C0,0.47,22.895,17027,16338,1.0254570984475935
7,C0,0.48,23.38,17043,16353,1.0256875610777607
7,C0,0.49,23.865,17052,16358,0.9938703657915481
7,C0,0.5,24.35,17062,16370,1.0175900370484827
7,C0,0.51,24.835,17068,16377,1.0325214487319265
7,C0,0.52,25.32,17077,16388,1.0662814832165421
7,C0,0.53,25.805,17084,16390,1.007953255544458
7,C0,0.54,26.29,17088,16397,1.0528530417707034
7,C1,0.14,6.89,6564,6309,1.0030602229051808
7,C1,0.15,7.375,5889,5652,1.0006584322681071
7,C1,0.16,7.86,5260,5068,1.0062601406120402
7,C1,0.17,8.345,4705,4577,1.0194223033872332
7,C1,0.18,8.83,4215,4061,1.00570465769224
7,C1,0.19,9.315,3747,3553,0.9852262939700371
7,C1,0.2,9.8,3311,3126,0.9804245591532367
7,C1,0.21,10.285,3023,2851,0.9795305555532614
7,C1,0.22,10.77,2652,2480,0.9703055848556725
7,C1,0.23,11.255,2363,2197,0.9644074900986623
7,C1,0.24,11.74,2111,1966,0.9668231467032107
7,C1,0.25,12.225,1888,1741,0.9566386794092194
7,C1,0.26,12.71,1658,1526,0.9552477137287354
7,C1,0.27,13.195,1513,1388,0.9522384806118341
7,C1,0.28,13.68,1321,1214,0.954604129495771
7,C1,0.29,14.165,1170,1079,0.9585957692585373
7,C1,0.3,14.65,1024,965,0.9812232805848491
7,C1,0.31,15.135,910,874,1.0012097424857924
7,C1,0.32,15.62,781,763,1.0192503317603083
7,C1,0.33,16.105,703,688,1.0210192983748123
7,C1,0.34,16.59,637,628,1.0287514752420468
7,C1,0.35,17.075,553,551,1.039949315286049
7,C1,0.36,17.56,485,489,1.0525396436266983
7,C1,0.37,18.045,427,425,1.038493674012391
7,C1,0.38,18.53,385,379,1.0267534081828675
7,C1,0.39,19.015,335,330,1.027373202763677
7,C1,0.4,19.5,294,287,1.0178755348388273
7,C1,0.41,19.985,266,257,1.0072268476520687
7,C1,0.42,20.47,232,230,1.0338696114717443
7,C1,0.43,20.955,210,210,1.0429300694999692
7,C1,0.44,21.44,180,186,1.078009785256607
7,C1,0.45,21.925,163,163,1.0428063289586655
7,C1,0.46,22.41,149,142,0.9933543605252222
7,C1,0.47,22.895,140,131,0.975174877148803
7,C1,0.48,23.38,124,116,0.9749557642575201
7,C1,0.49,23.865,115,111,1.0061674383495378
7,C1,0.5,24.35,105,99,0.9827140239113361
7,C1,0.51,24.835,99,92,0.9685028831392635
7,C1,0.52,25.32,90,81,0.9378386624359287
7,C1,0.53,25.805,83,79,0.9921094996214265
7,C1,0.54,26.29,79,72,0.9498001718437226
7,C2,0.14,6.89,4054,3913,1.0080378925600286
7,C2,0.15,7.375,3871,3745,1.0109414340231018
7,C2,0.16,7.86,3645,3508,1.0040711138374498
7,C2,0.17,8.345,3398,3279,1.0073389957344574
7,C2,0.18,8.83,3160,3055,1.009510774686564
7,C2,0.19,9.315,2909,2746,0.9807681608464605
7,C2,0.2,9.8,2648,2439,0.9531754623777705
7,C2,0.21,10.285,2460,2278,0.9596872058495796
7,C2,0.22,10.77,2204,2047,0.9636058705934496
7,C2,0.23,11.255,2005,1882,0.9756538249221671
7,C2,0.24,11.74,1819,1733,0.9922886899592251
7,C2,0.25,12.225,1663,1614,1.0129368825485405
7,C2,0.26,12.71,1487,1436,1.0072652985668695
7,C2,0.27,13.195,1371,1326,1.008884086948769
7,C2,0.28,13.68,1211,1179,1.0159824456327138
7,C2,0.29,14.165,1084,1036,0.9959721141953207
7,C2,0.3,14.65,956,931,1.0160298735829718
7,C2,0.31,15.135,854,837,1.0227909512463476
7,C2,0.32,15.62,734,717,1.0190705423159794
7,C2,0.33,16.105,663,647,1.017931577792382
7,C2,0.34,16.59,603,581,1.004511263755075
7,C2,0.35,17.075,528,525,1.03766057622132
7,C2,0.36,17.56,466,454,1.0159807262236717
7,C2,0.37,18.045,410,382,0.9705115628889863
7,C2,0.38,18.53,370,334,0.9397395288067739
7,C2,0.39,19.015,327,294,0.9360463962111653
7,C2,0.4,19.5,288,258,0.9327475685234305
7,C2,0.41,19.985,260,237,0.9494443549304318
7,C2,0.42,20.47,228,206,0.9410646921059644
7,C2,0.43,20.955,207,193,0.971549942240316
7,C2,0.44,21.44,177,169,0.9952202696613635
7,C2,0.45,21.925,160,158,1.0296372080191283
7,C2,0.46,22.41,146,147,1.0499682754430109
7,C2,0.47,22.895,137,138,1.050413726614602
7,C2,0.48,23.38,122,128,1.0943809245777243
7,C2,0.49,23.865,113,118,1.089144503083084
7,C2,0.5,24.35,103,105,1.0630249209133
7,C2,0.51,24.835,98,98,1.0426363691894203
7,C2,0.52,25.32,89,89,1.0426129426129425
7,C2,0.53,25.805,82,87,1.1065052064877872
7,C2,0.54,26.29,78,86,1.1500773941718825
7,C3,0.14,6.89,4055,3907,1.005686694120467
7,C3,0.15,7.375,3872,3729,1.0050228789068074
7,C3,0.16,7.86,3646,3508,1.0037214897995814
7,C3,0.17,8.345,3399,3319,1.022353745286301
7,C3,0.18,8.83,3161,3037,1.001829313444321
7,C3,0.19,9.315,2909,2769,0.9906432340609184
7,C3,0.2,9.8,2648,2500,0.9812810584680494
7,C3,0.21,10.285,2460,2314,0.9773327819466822
7,C3,0.22,10.77,2204,2040,0.95984480739849
7,C3,0.23,11.255,2005,1844,0.9534702730353604
7,C3,0.24,11.74,1819,1658,0.9445375669666494
7,C3,0.25,12.225,1663,1507,0.9390205839560039
7,C3,0.26,12.71,1487,1332,0.927896429823483
7,C3,0.27,13.195,1371,1220,0.9217818159710968
7,C3,0.28,13.68,1211,1074,0.9191882679851712
7,C3,0.29,14.165,1084,964,0.9224504415311808
7,C3,0.3,14.65,956,889,0.9675785257357088
7,C3,0.31,15.135,854,805,0.9816782556640266
7,C3,0.32,15.62,734,701,0.9953187879567074
7,C3,0.33,16.105,663,638,1.0032011385721717
7,C3,0.34,16.59,603,589,1.0188557631656996
7,C3,0.35,17.075,528,521,1.0294963128272947
7,C3,0.36,17.56,466,468,1.0482268677950117
7,C3,0.37,18.045,410,405,1.0304187214556408
7,C3,0.38,18.53,370,362,1.0202906575787931
7,C3,0.39,19.015,327,320,1.0204663262966074
7,C3,0.4,19.5,288,278,1.0062950781984505
7,C3,0.41,19.985,260,248,0.9941851256443452
7,C3,0.42,20.47,228,222,1.0151558344374507
7,C3,0.43,20.955,207,205,1.0327185972516282
7,C3,0.44,21.44,177,181,1.066672077741889
7,C3,0.45,21.925,160,158,1.0296372080191283
7,C3,0.46,22.41,146,137,0.9779427059743205
7,C3,0.47,22.895,137,126,0.9583691939806814
7,C3,0.48,23.38,122,113,0.9652471244322032
7,C3,0.49,23.865,113,108,0.9962348407853124
7,C3,0.5,24.35,103,96,0.9713742551524859
7,C3,0.51,24.835,98,91,0.9677485477033652
7,C3,0.52,25.32,89,80,0.9366655217496526
7,C3,0.53,25.805,82,78,0.9914944399886314
7,C3,0.54,26.29,78,71,0.9486139648049636
7,C4,0.14,6.89,4055,4036,1.0496712589095307
7,C4,0.15,7.375,3872,3833,1.0415549687172163
7,C4,0.16,7.86,3646,3566,1.0249030605978555
7,C4,0.17,8.345,3399,3310,1.0188841342387551
7,C4,0.18,8.83,3161,3083,1.020498404916524
7,C4,0.19,9.315,2909,2833,1.0182970159369256
7,C4,0.2,9.8,2648,2555,1.006833436687255
7,C4,0.21,10.285,2460,2394,1.016868344669237
7,C4,0.22,10.77,2204,2147,1.017736758977026
7,C4,0.23,11.255,2005,1978,1.032214715436927
7,C4,0.24,11.74,1819,1816,1.0457030772377094
7,C4,0.25,12.225,1663,1690,1.066088272608291
7,C4,0.26,12.71,1487,1490,1.0489107525698496
7,C4,0.27,13.195,1371,1360,1.0370814290457009
7,C4,0.28,13.68,1211,1176,1.013198452274625
7,C4,0.29,14.165,1084,1048,1.0082924731717975
7,C4,0.3,14.65,956,920,1.003314935562055
7,C4,0.31,15.135,854,840,1.0266538979136095
7,C4,0.32,15.62,734,728,1.0354278825822705
7,C4,0.33,16.105,663,668,1.052367859948914
7,C4,0.34,16.59,603,609,1.0547803228498114
7,C4,0.35,17.075,528,551,1.0908283028170889
7,C4,0.36,17.56,466,470,1.0528380663276433
7,C4,0.37,18.045,410,413,1.0512962254062002
7,C4,0.38,18.53,370,375,1.0577846704664153
7,C4,0.39,19.015,327,328,1.0464964048663659
7,C4,0.4,19.5,288,296,1.0726433630811296
7,C4,0.41,19.985,260,267,1.0716077312392582
7,C4,0.42,20.47,228,232,1.0615369488573314
7,C4,0.43,20.955,207,219,1.104196209587514
7,C4,0.44,21.44,177,186,1.0964747469805778
7,C4,0.45,21.925,160,172,1.121833773087071
7,C4,0.46,22.41,146,156,1.1148667883165708
7,C4,0.47,22.895,137,144,1.0964867372374554
7,C4,0.48,23.38,122,127,1.0857646294070793
7,C4,0.49,23.865,113,118,1.089144503083084
7,C4,0.5,24.35,103,104,1.0528365354667046
7,C4,0.51,24.835,98,97,1.0319341882856246
7,C4,0.52,25.32,89,88,1.0308352578933253
7,C4,0.53,25.805,82,80,1.0170414718974208
7,C4,0.54,26.29,78,80,1.0694477690633648
7,C5,0.14,6.89,2477,2467,1.0449003276941173
7,C5,0.15,7.375,2518,2551,1.0663158867306421
7,C5,0.16,7.86,2529,2515,1.0432110635447782
7,C5,0.17,8.345,2476,2425,1.0245228301635894
7,C5,0.18,8.83,2378,2354,1.0371761813554226
7,C5,0.19,9.315,2265,2220,1.0250497420755447
7,C5,0.2,9.8,2145,2118,1.0335803698774921
7,C5,0.21,10.285,2042,2022,1.0366761902586015
7,C5,0.22,10.77,1882,1899,1.058549659856007
7,C5,0.23,11.255,1735,1771,1.0717242401581426
7,C5,0.24,11.74,1606,1637,1.0694018335368582
7,C5,0.25,12.225,1492,1504,1.0558685189481445
7,C5,0.26,12.71,1359,1380,1.0638394678695957
7,C5,0.27,13.195,1264,1215,1.0021310554774594
7,C5,0.28,13.68,1141,1112,1.0170396791249934
7,C5,0.29,14.165,1027,1006,1.0224387757036129
7,C5,0.3,14.65,915,886,1.0098767432212978
7,C5,0.31,15.135,820,775,0.9844468291439635
7,C5,0.32,15.62,707,666,0.9811719096896807
7,C5,0.33,16.105,643,619,1.0036114231888182
7,C5,0.34,16.59,588,561,0.9943248295043439
7,C5,0.35,17.075,515,483,0.9769368585862144
7,C5,0.36,17.56,455,437,1.001176767344432
7,C5,0.37,18.045,401,382,0.9928265678812851
7,C5,0.38,18.53,363,354,1.0169017623845142
7,C5,0.39,19.015,321,305,0.9902452355567274
7,C5,0.4,19.5,285,276,1.0096266417912874
7,C5,0.41,19.985,257,265,1.0760541423696122
7,C5,0.42,20.47,225,232,1.0758812862255616
7,C5,0.43,20.955,204,216,1.1050774336683544
7,C5,0.44,21.44,174,195,1.170202735058672
7,C5,0.45,21.925,158,166,1.0961304784317867
7,C5,0.46,22.41,144,156,1.1304838676719997
7,C5,0.47,22.895,135,149,1.1518554829339143
7,C5,0.48,23.38,120,128,1.1127511576198927
7,C5,0.49,23.865,112,121,1.127079218952078
7,C5,0.5,24.35,103,106,1.073214551655434
7,C5,0.51,24.835,98,94,0.9998354883938307
7,C5,0.52,25.32,89,85,0.9955108299683988
7,C5,0.53,25.805,82,79,1.0042671765948898
7,C5,0.54,26.29,78,77,1.0291550912890592
8,C0,0.14,6.89,10603,10336,1.04332435840642
8,C0,0.15,7.375,11278,10927,1.029541567148261
8,C0,0.16,7.86,11907,11542,1.0348607090241297
8,C0,0.17,8.345,12462,12065,1.0343127940911307
8,C0,0.18,8.83,12952,12503,1.0259407130155427
8,C0,0.19,9.315,13420,12952,1.0282427231242588
8,C0,0.2,9.8,13856,13400,1.0433480675788656
8,C0,0.21,10.285,14144,13641,1.0309383690166851
8,C0,0.22,10.77,14515,13999,1.0355153471000962
8,C0,0.23,11.255,14804,14262,1.0314845900035343
8,C0,0.24,11.74,15056,14505,1.0355113820825876
8,C0,0.25,12.225,15279,14700,1.0268253004017862
8,C0,0.26,12.71,15509,14918,1.0282519344958039
8,C0,0.27,13.195,15654,15021,1.002637359204962
8,C0,0.28,13.68,15846,15195,0.9942931385701982
8,C0,0.29,14.165,15997,15344,0.9975470400700132
8,C0,0.3,14.65,16143,15468,0.9802024773219719
8,C0,0.31,15.135,16257,15590,0.9927919034859789
8,C0,0.32,15.62,16386,15769,1.0737030740527629
8,C0,0.33,16.105,16464,15837,1.0699803599106914
8,C0,0.34,16.59,16530,15890,1.0575767929143327
8,C0,0.35,17.075,16614,15967,1.0586941987677077
8,C0,0.36,17.56,16682,16010,1.0140801181866932
8,C0,0.37,18.045,16740,16059,0.9990956377305709
8,C0,0.38,18.53,16782,16095,0.9872710256787735
8,C0,0.39,19.015,16832,16151,1.0108375854915466
8,C0,0.4,19.5,16873,16196,1.0337133973713124
8,C0,0.41,19.985,16901,16223,1.0379233826064076
8,C0,0.42,20.47,16935,16255,1.040581221768775
8,C0,0.43,20.955,16957,16274,1.0335463910978449
8,C0,0.44,21.44,16987,16300,1.022013701392955
8,C0,0.45,21.925,17004,16314,1.00893983199399
8,C0,0.46,22.41,17018,16326,0.9995890817373952
8,C0,0.47,22.895,17027,16335,1.002315023812049
8,C0,0.48,23.38,17043,16357,1.0625791066294499
8,C0,0.49,23.865,17052,16365,1.0612194148216316
8,C0,0.5,24.35,17062,16372,1.038698162069928
8,C0,0.51,24.835,17068,16378,1.043931578147655
8,C0,0.52,25.32,17077,16383,1.003981964045207
8,C0,0.53,25.805,17084,16390,1.007953255544458
8,C0,0.54,26.29,17088,16396,1.0383670668513671
8,C1,0.14,6.89,6564,6133,0.9584746986329411
8,C1,0.15,7.375,5889,5542,0.9713060957508607
8,C1,0.16,7.86,5260,4927,0.9663136219974924
8,C1,0.17,8.345,4705,4404,0.966825515175724
8,C1,0.18,8.83,4215,3966,0.974715192908862
8,C1,0.19,9.315,3747,3517,0.9725330192092732
8,C1,0.2,9.8,3311,3069,0.9584529181335845
8,C1,0.21,10.285,3023,2828,0.9699900886934741
8,C1,0.22,10.77,2652,2470,0.9657027322679911
8,C1,0.23,11.255,2363,2207,0.9694764320197682
8,C1,0.24,11.74,2111,1964,0.9657064299851845
8,C1,0.25,12.225,1888,1769,0.9738754972327913
8,C1,0.26,12.71,1658,1551,0.9725243069835243
8,C1,0.27,13.195,1513,1448,0.9973695781622847
8,C1,0.28,13.68,1321,1274,1.0057396166265498
8,C1,0.29,14.165,1170,1125,1.0024589917381888
8,C1,0.3,14.65,1024,1001,1.0201973807820985
8,C1,0.31,15.135,910,879,1.0072604303970565
8,C1,0.32,15.62,781,700,0.9313561860500541
8,C1,0.33,16.105,703,632,0.9345965939818442
8,C1,0.34,16.59,637,579,0.9455578135790309
8,C1,0.35,17.075,553,502,0.9445598182780013
8,C1,0.36,17.56,485,459,0.9861153789191034
8,C1,0.37,18.045,427,410,1.0009051808808649
8,C1,0.38,18.53,385,374,1.0128930901344695
8,C1,0.39,19.015,335,318,0.989278608505365
8,C1,0.4,19.5,294,273,0.9673861270860531
8,C1,0.41,19.985,266,246,0.9634622523763023
8,C1,0.42,20.47,232,214,0.9610013894928882
8,C1,0.43,20.955,210,195,0.9675424428097403
8,C1,0.44,21.44,180,169,0.9784604635310157
8,C1,0.45,21.925,163,155,0.9911393804560952
8,C1,0.46,22.41,149,143,1.000411087185837
8,C1,0.47,22.895,140,134,0.9976903231448686
8,C1,0.48,23.38,124,112,0.9411064021125413
8,C1,0.49,23.865,115,104,0.9423121986211294
8,C1,0.5,24.35,105,97,0.9627435924284202
8,C1,0.51,24.835,99,91,0.9579171862722968
8,C1,0.52,25.32,90,86,0.9960338291046953
8,C1,0.53,25.805,83,79,0.9921094996214265
8,C1,0.54,26.29,79,73,0.9630505742370014
8,C2,0.14,6.89,4031,3846,0.9928806325956016
8,C2,0.15,7.375,3848,3657,0.9879718849532305
8,C2,0.16,7.86,3618,3444,0.9902026654953002
8,C2,0.17,8.345,3389,3263,1.004524173695916
8,C2,0.18,8.83,3160,3020,0.995348108324839
8,C2,0.19,9.315,2897,2799,1.0085788618198228
8,C2,0.2,9.8,2639,2537,1.0024747496011865
8,C2,0.21,10.285,2443,2349,1.0026530098715296
8,C2,0.22,10.77,2216,2115,0.994117949235147
8,C2,0.23,11.255,2007,1925,0.9997667679074833
8,C2,0.24,11.74,1824,1719,0.9803232604817128
8,C2,0.25,12.225,1674,1557,0.9663462925146522
8,C2,0.26,12.71,1485,1367,0.9558924788430814
8,C2,0.27,13.195,1365,1259,0.9582435885394466
8,C2,0.28,13.68,1212,1129,0.9688638925822178
8,C2,0.29,14.165,1078,1011,0.9761310857044919
8,C2,0.3,14.65,953,903,0.9869791817638977
8,C2,0.31,15.135,853,806,0.9841731684627394
8,C2,0.32,15.62,741,695,0.9766896344742634
8,C2,0.33,16.105,669,635,0.988981724253102
8,C2,0.34,16.59,609,588,1.006676813976363
8,C2,0.35,17.075,528,522,1.031536994704048
8,C2,0.36,17.56,466,465,1.0413122309551366
8,C2,0.37,18.045,412,416,1.0538634462662817
8,C2,0.38,18.53,373,376,1.0519525499322055
8,C2,0.39,19.015,327,326,1.0399864665212157
8,C2,0.4,19.5,289,282,1.0174331445863152
8,C2,0.41,19.985,262,259,1.0309334545163433
8,C2,0.42,20.47,229,228,1.0383618579211757
8,C2,0.43,20.955,208,208,1.0429247893733473
8,C2,0.44,21.44,179,170,0.9898677678755354
8,C2,0.45,21.925,162,156,1.0038120017890753
8,C2,0.46,22.41,148,145,1.0214420650741405
8,C2,0.47,22.895,139,138,1.035178274623581
8,C2,0.48,23.38,123,123,1.0427015783677964
8,C2,0.49,23.865,114,115,1.0518886950775497
8,C2,0.5,24.35,105,107,1.0626445713354402
8,C2,0.51,24.835,99,100,1.0532350198792866
8,C2,0.52,25.32,90,95,1.1008746929413842
8,C2,0.53,25.805,83,85,1.0678505035768073
8,C2,0.54,26.29,79,81,1.0691120084779537
8,C3,0.14,6.89,4032,3838,0.989866869807591
8,C3,0.15,7.375,3849,3660,0.9886827552747979
8,C3,0.16,7.86,3619,3435,0.9865875475296335
8,C3,0.17,8.345,3390,3205,0.9819932009280115
8,C3,0.18,8.83,3161,3000,0.9869054061103533
8,C3,0.19,9.315,2898,2759,0.9908533967186807
8,C3,0.2,9.8,2640,2468,0.9699695692731904
8,C3,0.21,10.285,2444,2307,0.9813368674521684
8,C3,0.22,10.77,2217,2080,0.9747836180051963
8,C3,0.23,11.255,2008,1889,0.9780955396520913
8,C3,0.24,11.74,1825,1713,0.9759056357850254
8,C3,0.25,12.225,1675,1574,0.9773652583006418
8,C3,0.26,12.71,1486,1392,0.9742698115577363
8,C3,0.27,13.195,1366,1301,0.9921625959097059
8,C3,0.28,13.68,1213,1158,0.9947496379408777
8,C3,0.29,14.165,1079,1024,0.9885363802496887
8,C3,0.3,14.65,954,929,1.015967247571021
8,C3,0.31,15.135,854,822,1.003498437198083
8,C3,0.32,15.62,742,661,0.9256056676069709
8,C3,0.33,16.105,670,599,0.9293516350196088
8,C3,0.34,16.59,609,548,0.9358382712508363
8,C3,0.35,17.075,528,473,0.9318436379928315
8,C3,0.36,17.56,466,436,0.9746041493282765
8,C3,0.37,18.045,412,393,0.9941725529463206
8,C3,0.38,18.53,373,360,1.006188238070504
8,C3,0.39,19.015,327,311,0.9912132977368365
8,C3,0.4,19.5,289,270,0.9734164888216646
8,C3,0.41,19.985,262,244,0.970328985285642
8,C3,0.42,20.47,229,213,0.9691534788364337
8,C3,0.43,20.955,208,195,0.9769609499815657
8,C3,0.44,21.44,179,169,0.9839846454399013
8,C3,0.45,21.925,162,155,0.9973161731876129
8,C3,0.46,22.41,148,143,1.0072298042253942
8,C3,0.47,22.895,139,134,1.0049269675168955
8,C3,0.48,23.38,123,112,0.94881334214088
8,C3,0.49,23.865,114,104,0.9506338409421047
8,C3,0.5,24.35,105,97,0.9627435924284202
8,C3,0.51,24.835,99,91,0.9579171862722968
8,C3,0.52,25.32,90,86,0.9960338291046953
8,C3,0.53,25.805,83,79,0.9921094996214265
8,C3,0.54,26.29,79,73,0.9630505742370014
8,C4,0.14,6.89,4032,3802,0.9777951880338989
8,C4,0.15,7.375,3849,3633,0.9793248820117426
8,C4,0.16,7.86,3619,3399,0.973558789124727
8,C4,0.17,8.345,3390,3159,0.9645539650139958
8,C4,0.18,8.83,3161,2947,0.9656702019477229
8,C4,0.19,9.315,2898,2674,0.9544097227693994
8,C4,0.2,9.8,2640,2432,0.9533695579431848
8,C4,0.21,10.285,2444,2246,0.9512915791979819
8,C4,0.22,10.77,2217,2054,0.960862605687361
8,C4,0.23,11.255,2008,1841,0.9501139208547271
8,C4,0.24,11.74,1825,1683,0.9568690857141797
8,C4,0.25,12.225,1675,1555,0.9643372249654237
8,C4,0.26,12.71,1486,1380,0.9651027947502512
8,C4,0.27,13.195,1366,1253,0.9525426825888754
8,C4,0.28,13.68,1213,1098,0.9395264355533378
8,C4,0.29,14.165,1079,963,0.9259917563675611
8,C4,0.3,14.65,954,877,0.9559006903502629
8,C4,0.31,15.135,854,765,0.9305230040288666
8,C4,0.32,15.62,742,652,0.9124833613293009
8,C4,0.33,16.105,670,581,0.9004032894440186
8,C4,0.34,16.59,609,536,0.9146560664490271
8,C4,0.35,17.075,528,465,0.9156251420099522
8,C4,0.36,17.56,466,402,0.8967013399629395
8,C4,0.37,18.045,412,351,0.8856113649697558
8,C4,0.38,18.53,373,319,0.889331086745408
8,C4,0.39,19.015,327,270,0.8583608343702267
8,C4,0.4,19.5,289,232,0.8344596358481515
8,C4,0.41,19.985,262,218,0.8655462658551606
8,C4,0.42,20.47,229,188,0.8540895715503029
8,C4,0.43,20.955,208,173,0.8655695947094143
8,C4,0.44,21.44,179,143,0.8312764298917927
8,C4,0.45,21.925,162,133,0.8546091492243141
8,C4,0.46,22.41,148,130,0.9149349177808692
8,C4,0.47,22.895,139,127,0.9520228144983707
8,C4,0.48,23.38,123,114,0.9658745367643222
8,C4,0.49,23.865,114,104,0.9506338409421047
8,C4,0.5,24.35,105,93,0.9228173633889315
8,C4,0.51,24.835,99,89,0.9367496700830035
8,C4,0.52,25.32,90,83,0.9611124672823684
8,C4,0.53,25.805,83,73,0.9164239294332734
8,C4,0.54,26.29,79,71,0.9365513855502601
8,C5,0.14,6.89,2467,2423,1.0278954302733718
8,C5,0.15,7.375,2511,2458,1.0239564572650022
8,C5,0.16,7.86,2515,2458,1.0220488786643496
8,C5,0.17,8.345,2441,2350,1.0041091873171795
8,C5,0.18,8.83,2390,2289,0.998062950351429
8,C5,0.19,9.315,2268,2204,1.0149715853419556
8,C5,0.2,9.8,2125,2085,1.026060655630439
8,C5,0.21,10.285,2022,1995,1.032386835865313
8,C5,0.22,10.77,1875,1874,1.0471972776064862
8,C5,0.23,11.255,1732,1701,1.026458454269765
8,C5,0.24,11.74,1603,1579,1.0296156425975975
8,C5,0.25,12.225,1485,1484,1.0458084571664819
8,C5,0.26,12.71,1337,1355,1.061474058684786
8,C5,0.27,13.195,1235,1268,1.0760945569583507
8,C5,0.28,13.68,1114,1157,1.088861026378438
8,C5,0.29,14.165,1000,1056,1.107659248686174
8,C5,0.3,14.65,897,969,1.1339324630488725
8,C5,0.31,15.135,808,894,1.1621303815774837
8,C5,0.32,15.62,703,798,1.1925764064108777
8,C5,0.33,16.105,638,631,1.0321787684949613
8,C5,0.34,16.59,586,554,0.9849546277740427
8,C5,0.35,17.075,509,493,1.0099129539102367
8,C5,0.36,17.56,449,436,1.0125341427626233
8,C5,0.37,18.045,399,400,1.0461151946391587
8,C5,0.38,18.53,361,366,1.0581115371733525
8,C5,0.39,19.015,317,301,0.9895798375729915
8,C5,0.4,19.5,284,266,0.9759273408767112
8,C5,0.41,19.985,257,249,1.0100874646758817
8,C5,0.42,20.47,224,204,0.9486770453647182
8,C5,0.43,20.955,203,178,0.9130708635702931
8,C5,0.44,21.44,175,159,0.9465631952351756
8,C5,0.45,21.925,159,150,0.9832270984047996
8,C5,0.46,22.41,145,138,0.9919936486352379
8,C5,0.47,22.895,137,127,0.9660344086751526
8,C5,0.48,23.38,121,109,0.9385994867546323
8,C5,0.49,23.865,112,103,0.958359338174962
8,C5,0.5,24.35,103,93,0.9408464198139831
8,C5,0.51,24.835,97,88,0.9453748591056901
8,C5,0.52,25.32,88,82,0.9711675552128349
8,C5,0.53,25.805,81,80,1.0296578026966294
8,C5,0.54,26.29,77,76,1.0289789512628529
9,C0,0.14,6.89,10603,10292,1.0314827921042993
9,C0,0.15,7.375,11278,10921,1.0278634395872908
9,C0,0.16,7.86,11907,11504,1.0235593049896348
9,C0,0.17,8.345,12462,12022,1.0206608932170211
9,C0,0.18,8.83,12952,12452,1.0087836238912355
9,C0,0.19,9.315,13420,12885,1.003800942589685
9,C0,0.2,9.8,13856,13324,1.0123607067194893
9,C0,0.21,10.285,14144,13618,1.0208971984903288
9,C0,0.22,10.77,14515,13955,1.014194023629576
9,C0,0.23,11.255,14804,14217,1.0076836741354047
9,C0,0.24,11.74,15056,14452,1.0046173676776096
9,C0,0.25,12.225,15279,14682,1.0152376760360264
9,C0,0.26,12.71,15509,14907,1.0202578668748699
9,C0,0.27,13.195,15654,15038,1.015696708976623
9,C0,0.28,13.68,15846,15235,1.02922532740676
9,C0,0.29,14.165,15997,15373,1.0258772288052185
9,C0,0.3,14.65,16143,15518,1.0350729055178698
9,C0,0.31,15.135,16257,15611,1.0184610452187497
9,C0,0.32,15.62,16386,15731,1.0159633760990363
9,C0,0.33,16.105,16464,15802,1.0115938750741247
9,C0,0.34,16.59,16530,15877,1.0335067485816125
9,C0,0.35,17.075,16614,15951,1.0249651059510214
9,C0,0.36,17.56,16682,16027,1.0542014016787813
9,C0,0.37,18.045,16740,16057,0.9941218348006635
9,C0,0.38,18.53,16782,16098,0.9954398580689553
9,C0,0.39,19.015,16832,16146,0.9948818555839386
9,C0,0.4,19.5,16873,16188,1.0037877693373123
9,C0,0.41,19.985,16901,16208,0.9773680897160635
9,C0,0.42,20.47,16935,16235,0.9504717635807095
9,C0,0.43,20.955,16957,16254,0.936250516011087
9,C0,0.44,21.44,16987,16284,0.9327068871426323
9,C0,0.45,21.925,17004,16298,0.913639171244193
9,C0,0.46,22.41,17018,16322,0.9721511356922602
9,C0,0.47,22.895,17027,16337,1.0176261944042528
9,C0,0.48,23.38,17043,16357,1.0625791066294499
9,C0,0.49,23.865,17052,16362,1.0312765131834236
9,C0,0.5,24.35,17062,16372,1.038698162069928
9,C0,0.51,24.835,17068,16375,1.0104294960333884
9,C0,0.52,25.32,17077,16382,0.9923813639236481
9,C0,0.53,25.805,17084,16386,0.9591430578318895
9,C0,0.54,26.29,17088,16393,0.9971964012911492
9,C1,0.14,6.89,6564,6177,0.9694781218404313
9,C1,0.15,7.375,5889,5548,0.9728918857173493
9,C1,0.16,7.86,5260,4965,0.9769829604647351
9,C1,0.17,8.345,4705,4447,0.9797573382557059
9,C1,0.18,8.83,4215,4017,0.9912928563834591
9,C1,0.19,9.315,3747,3584,0.9962134498699723
9,C1,0.2,9.8,3311,3145,0.9877902148538106
9,C1,0.21,10.285,3023,2851,0.9795305555532614
9,C1,0.22,10.77,2652,2514,0.9860046270251341
9,C1,0.23,11.255,2363,2252,0.992374914536551
9,C1,0.24,11.74,2111,2017,0.9954038544164494
9,C1,0.25,12.225,1888,1787,0.9849910258497087
9,C1,0.26,12.71,1658,1562,0.9801443659170976
9,C1,0.27,13.195,1513,1431,0.9845458700044049
9,C1,0.28,13.68,1321,1234,0.9716045392310775
9,C1,0.29,14.165,1170,1096,0.9747755110664107
9,C1,0.3,14.65,1024,951,0.9661155215918611
9,C1,0.31,15.135,910,858,0.9818735873056543
9,C1,0.32,15.62,781,738,0.9842874492579345
9,C1,0.33,16.105,703,667,0.9885390023014174
9,C1,0.34,16.59,637,592,0.9675795551140839
9,C1,0.35,17.075,553,518,0.9756429698864164
9,C1,0.36,17.56,485,442,0.948585344705037
9,C1,0.37,18.045,427,412,1.0059129223336243
9,C1,0.38,18.53,385,371,1.0045810320875546
9,C1,0.39,19.015,335,323,1.005144474579906
9,C1,0.4,19.5,294,281,0.9962265237204345
9,C1,0.41,19.985,266,261,1.0231559742149055
9,C1,0.42,20.47,232,234,1.0521091086732581
9,C1,0.43,20.955,210,215,1.06809019904258
9,C1,0.44,21.44,180,185,1.07214818908813
9,C1,0.45,21.925,163,171,1.0945239997078944
9,C1,0.46,22.41,149,147,1.028646640717967
9,C1,0.47,22.895,140,132,0.9826791070226217
9,C1,0.48,23.38,124,112,0.9411064021125413
9,C1,0.49,23.865,115,107,0.9696720396677349
9,C1,0.5,24.35,105,97,0.9627435924284202
9,C1,0.51,24.835,99,94,0.9896781556018198
9,C1,0.52,25.32,90,87,1.0076771253001262
9,C1,0.53,25.805,83,83,1.0425973391919932
9,C1,0.54,26.29,79,76,1.0028114809732775
9,C2,0.14,6.89,4068,3911,1.0028235751109933
9,C2,0.15,7.375,3892,3768,1.0118931972646545
9,C2,0.16,7.86,3662,3528,1.0053956174919987
9,C2,0.17,8.345,3416,3290,1.0049162291225857
9,C2,0.18,8.83,3185,3055,0.9997991741798852
9,C2,0.19,9.315,2917,2819,1.0088831292122344
9,C2,0.2,9.8,2658,2575,1.0116550247206544
9,C2,0.21,10.285,2477,2409,1.0161253087437139
9,C2,0.22,10.77,2206,2162,1.0248545351922462
9,C2,0.23,11.255,1999,1941,1.013760184056786
9,C2,0.24,11.74,1811,1789,1.0333416586798507
9,C2,0.25,12.225,1647,1651,1.0499185298111724
9,C2,0.26,12.71,1470,1460,1.0387246110383657
9,C2,0.27,13.195,1363,1336,1.0236525938585432
9,C2,0.28,13.68,1211,1191,1.0271293524072276
9,C2,0.29,14.165,1086,1087,1.046405379706447
9,C2,0.3,14.65,962,840,0.9053615746302419
9,C2,0.31,15.135,864,774,0.9305365296803654
9,C2,0.32,15.62,746,651,0.9059207161081972
9,C2,0.33,16.105,676,588,0.9032329578458721
9,C2,0.34,16.59,615,544,0.9193795101530293
9,C2,0.35,17.075,536,484,0.9394773084841667
9,C2,0.36,17.56,469,432,0.9590742516672199
9,C2,0.37,18.045,413,392,0.989121210108556
9,C2,0.38,18.53,371,359,1.0088599102196658
9,C2,0.39,19.015,326,314,1.004090739063482
9,C2,0.4,19.5,289,283,1.0211041452799785
9,C2,0.41,19.985,262,250,0.9945573210949933
9,C2,0.42,20.47,228,214,0.9780920310619675
9,C2,0.43,20.955,207,200,1.0072206914962007
9,C2,0.44,21.44,178,164,0.9599991730667852
9,C2,0.45,21.925,162,153,0.9843269047424478
9,C2,0.46,22.41,148,127,0.8936569509173842
9,C2,0.47,22.895,139,119,0.8916163949574285
9,C2,0.48,23.38,123,104,0.8806102653143856
9,C2,0.49,23.865,114,95,0.8678901510524816
9,C2,0.5,24.35,104,87,0.8713133786613826
9,C2,0.51,24.835,98,84,0.8929247133702427
9,C2,0.52,25.32,90,79,0.9145705375906719
9,C2,0.53,25.805,83,73,0.9164239294332734
9,C2,0.54,26.29,79,71,0.9365513855502601
9,C3,0.14,6.89,4068,3823,0.9734380508424628
9,C3,0.15,7.375,3892,3672,0.9787149014643317
9,C3,0.16,7.86,3662,3498,0.994540777243661
9,C3,0.17,8.345,3416,3271,0.9976744267547457
9,C3,0.18,8.83,3185,3041,0.9941798318282424
9,C3,0.19,9.315,2917,2783,0.993379299896884
9,C3,0.2,9.8,2658,2520,0.986143168753895
9,C3,0.21,10.285,2477,2329,0.9768229807581946
9,C3,0.22,10.77,2206,2063,0.9712050509326161
9,C3,0.23,11.255,1999,1895,0.9866110494522684
9,C3,0.24,11.74,1811,1722,0.9901229337812889
9,C3,0.25,12.225,1647,1564,0.9887873145994251
9,C3,0.26,12.71,1470,1392,0.9858790183182115
9,C3,0.27,13.195,1363,1299,0.9928753655683132
9,C3,0.28,13.68,1211,1124,0.9651155275619194
9,C3,0.29,14.165,1086,1004,0.9613178691978976
9,C3,0.3,14.65,962,886,0.9577598222275114
9,C3,0.31,15.135,864,808,0.9735217466364904
9,C3,0.32,15.62,746,697,0.9727624173969683
9,C3,0.33,16.105,676,634,0.9767231602528291
9,C3,0.34,16.59,615,565,0.9561310955161866
9,C3,0.35,17.075,536,497,0.9654964050895037
9,C3,0.36,17.56,469,422,0.9362896278960936
9,C3,0.37,18.045,413,394,0.9942914380608452
9,C3,0.38,18.53,371,353,0.9916294198596564
9,C3,0.39,19.015,326,308,0.984538632161118
9,C3,0.4,19.5,289,268,0.9660867189837699
9,C3,0.41,19.985,262,250,0.9945573210949933
9,C3,0.42,20.47,228,223,1.0197913764467799
9,C3,0.43,20.955,207,204,1.0276177619766815
9,C3,0.44,21.44,178,184,1.0783950212679347
9,C3,0.45,21.925,162,171,1.101345086650032
9,C3,0.46,22.41,148,147,1.0356578088933193
9,C3,0.47,22.895,139,132,0.9898068690790159
9,C3,0.48,23.38,123,112,0.94881334214088
9,C3,0.49,23.865,114,107,0.9782352991634446
9,C3,0.5,24.35,104,97,0.9720577111015054
9,C3,0.51,24.835,98,94,0.9998354883938307
9,C3,0.52,25.32,90,87,1.0076771253001262
9,C3,0.53,25.805,83,83,1.0425973391919932
9,C3,0.54,26.29,79,76,1.0028114809732775
9,C4,0.14,6.89,4068,3953,1.0169941570168748
9,C4,0.15,7.375,3892,3773,1.0136349804844216
9,C4,0.16,7.86,3662,3567,1.019582377119928
9,C4,0.17,8.345,3416,3275,0.9991972834504649
9,C4,0.18,8.83,3185,3049,0.9973894489585355
9,C4,0.19,9.315,2917,2757,0.9822327189944753
9,C4,0.2,9.8,2658,2489,0.9718522160541071
9,C4,0.21,10.285,2477,2297,0.9612262906233823
9,C4,0.22,10.77,2206,2065,0.9722815801392934
9,C4,0.23,11.255,1999,1868,0.9707553591877097
9,C4,0.24,11.74,1811,1656,0.947931516420259
9,C4,0.25,12.225,1647,1481,0.93112822579456
9,C4,0.26,12.71,1470,1317,0.9281435198155291
9,C4,0.27,13.195,1363,1242,0.9457544932277255
9,C4,0.28,13.68,1211,1093,0.9366054404174017
9,C4,0.29,14.165,1086,985,0.9419683147054192
9,C4,0.3,14.65,962,823,0.88607497801541
9,C4,0.31,15.135,864,733,0.8789484685976011
9,C4,0.32,15.62,746,644,0.8957832187676031
9,C4,0.33,16.105,676,587,0.9016400726064787
9,C4,0.34,16.59,615,535,0.9036584855618858
9,C4,0.35,17.075,536,474,0.9194913988979766
9,C4,0.36,17.56,469,410,0.9089855358790899
9,C4,0.37,18.045,413,360,0.9065721611713904
9,C4,0.38,18.53,371,332,0.9314236071962662
9,C4,0.39,19.015,326,282,0.8999803295911549
9,C4,0.4,19.5,289,255,0.9184872913023603
9,C4,0.41,19.985,262,235,0.9340200615614952
9,C4,0.42,20.47,228,202,0.9225646799731239
9,C4,0.43,20.955,207,194,0.9766438849187798
9,C4,0.44,21.44,178,163,0.9540870045767946
9,C4,0.45,21.925,162,152,0.9778334646059513
9,C4,0.46,22.41,148,129,0.9078413940256045
9,C4,0.47,22.895,139,119,0.8916163949574285
9,C4,0.48,23.38,123,101,0.85505129977986
9,C4,0.49,23.865,114,98,0.8954612724468921
9,C4,0.5,24.35,104,90,0.901523761664796
9,C4,0.51,24.835,98,86,0.9142964272323102
9,C4,0.52,25.32,90,83,0.9611124672823684
9,C4,0.53,25.805,83,80,1.0047291490692773
9,C4,0.54,26.29,79,76,1.0028114809732775
9,C5,0.14,6.89,2522,2444,1.0119117187643567
9,C5,0.15,7.375,2579,2522,1.0228423322958657
9,C5,0.16,7.86,2559,2513,1.0279026888615825
9,C5,0.17,8.345,2512,2454,1.021521811253184
9,C5,0.18,8.83,2418,2386,1.0334311288264006
9,C5,0.19,9.315,2308,2283,1.0360953729126356
9,C5,0.2,9.8,2166,2182,1.057731553929306
9,C5,0.21,10.285,2066,2107,1.0723214751523091
9,C5,0.22,10.77,1893,1905,1.055398522984621
9,C5,0.23,11.255,1754,1773,1.0601496680113391
9,C5,0.24,11.74,1624,1649,1.0649305209309747
9,C5,0.25,12.225,1490,1507,1.0597423540082302
9,C5,0.26,12.71,1347,1362,1.0588580965799568
9,C5,0.27,13.195,1257,1298,1.0829175351142821
9,C5,0.28,13.68,1125,1154,1.0744712446040554
9,C5,0.29,14.165,1017,1060,1.0924032507786858
9,C5,0.3,14.65,909,919,1.057032532835277
9,C5,0.31,15.135,820,821,1.0459442335029179
9,C5,0.32,15.62,711,715,1.0504366805599525
9,C5,0.33,16.105,645,640,1.0356890821037434
9,C5,0.34,16.59,589,595,1.0549877826080725
9,C5,0.35,17.075,512,524,1.0690091917529005
9,C5,0.36,17.56,454,461,1.06013802019695
9,C5,0.37,18.045,401,403,1.0487751118903847
9,C5,0.38,18.53,363,361,1.0374606393072656
9,C5,0.39,19.015,320,321,1.046547366546941
9,C5,0.4,19.5,284,244,0.8939976996028559
9,C5,0.41,19.985,259,224,0.9001622120735695
9,C5,0.42,20.47,225,195,0.9022407930850846
9,C5,0.43,20.955,205,180,0.9143264420550155
9,C5,0.44,21.44,178,162,0.9481755611948547
9,C5,0.45,21.925,162,148,0.9518676612196207
9,C5,0.46,22.41,148,134,0.9433176978631523
9,C5,0.47,22.895,139,121,0.9067124572913238
9,C5,0.48,23.38,123,109,0.9232293716580199
9,C5,0.49,23.865,114,103,0.941435603551222
9,C5,0.5,24.35,104,97,0.9720577111015054
9,C5,0.51,24.835,98,91,0.9677485477033652
9,C5,0.52,25.32,90,75,0.8680513195884674
9,C5,0.53,25.805,83,69,0.8659976491331178
9,C5,0.54,26.29,79,66,0.870331685235103
